-- phpMyAdmin SQL Dump
-- version 5.2.1
-- https://www.phpmyadmin.net/
--
-- Host: 127.0.0.1
-- Generation Time: Dec 10, 2023 at 11:35 AM
-- Server version: 10.6.15-MariaDB
-- PHP Version: 8.2.4

SET SQL_MODE = "NO_AUTO_VALUE_ON_ZERO";
START TRANSACTION;
SET time_zone = "+00:00";


/*!40101 SET @OLD_CHARACTER_SET_CLIENT=@@CHARACTER_SET_CLIENT */;
/*!40101 SET @OLD_CHARACTER_SET_RESULTS=@@CHARACTER_SET_RESULTS */;
/*!40101 SET @OLD_COLLATION_CONNECTION=@@COLLATION_CONNECTION */;
/*!40101 SET NAMES utf8mb4 */;

--
-- Database: `healthcare appointment scheduler`
--

-- --------------------------------------------------------

--
-- Table structure for table `accounts`
--

CREATE TABLE `accounts` (
  `AccountID` int(11) NOT NULL,
  `Username` varchar(50) NOT NULL,
  `Password` varchar(50) NOT NULL,
  `ARole` int(11) NOT NULL
) ENGINE=InnoDB DEFAULT CHARSET=utf8mb4 COLLATE=utf8mb4_bin;

--
-- Dumping data for table `accounts`
--

INSERT INTO `accounts` (`AccountID`, `Username`, `Password`, `ARole`) VALUES
(1, 'cjjygyaa', 'wmdj3032', 1),
(2, 'vamuqhpp', 'xbyl0219', 2),
(3, 'ialxnoam', 'kkdl2938', 2),
(4, 'lwzsrqcg', 'zzny0226', 2),
(5, 'gbhoffen', 'sfrt4168', 1),
(6, 'pyiadimv', 'yxei7960', 1),
(7, 'yiantvas', 'uoye5982', 2),
(8, 'gkamaqzm', 'fuxo3047', 1),
(9, 'njkkumlp', 'qknf5666', 1),
(10, 'axqfoeol', 'icbk2847', 1),
(11, 'nayhhwze', 'fefp8640', 2),
(12, 'rdyhrtus', 'btoi3660', 1),
(13, 'qknxwdnz', 'ndve8884', 1),
(14, 'wibsbvbu', 'nngp8262', 2),
(15, 'keotubxn', 'pzjf3564', 2),
(16, 'fykazioq', 'zsms3993', 1),
(17, 'dpybfldp', 'vimt5115', 1),
(18, 'bauppxvm', 'xvvl7645', 1),
(19, 'pdompypp', 'dfnk3893', 2),
(20, 'flnqeztg', 'jxuz8745', 1),
(21, 'gnbbqfxa', 'yhts3821', 1),
(22, 'ekyvkaei', 'flrr6426', 1),
(23, 'rsdybkgm', 'bedf9877', 2),
(24, 'ouncmlkw', 'dwpg0997', 1),
(25, 'ggyvhpbv', 'ibox0341', 2),
(26, 'rkjmunjq', 'mxoz3302', 1),
(27, 'olksiiwp', 'rxut1139', 1),
(28, 'fwwtchab', 'xswf7651', 1),
(29, 'zdhsnmbs', 'tvss9616', 1),
(30, 'gfncklvp', 'vxui3132', 2),
(31, 'puxvtzrm', 'rijb9656', 2),
(32, 'vxwwecth', 'xytd6148', 1),
(33, 'cseaocuz', 'zwta1280', 2),
(34, 'tgpywkvn', 'asat5481', 2),
(35, 'znsriewt', 'soyg8993', 2),
(36, 'iejxspbf', 'bzzr2190', 2),
(37, 'zqahgrrv', 'tclj1128', 1),
(38, 'faotccdg', 'kilj4272', 1),
(39, 'cusloshb', 'kwuo3041', 2),
(40, 'upeqfcmh', 'pxyi8042', 2),
(41, 'yedihbxh', 'qoaa1377', 2),
(42, 'vwscdywq', 'cqhn5621', 2),
(43, 'paljwgqp', 'fsss9816', 1),
(44, 'wnicqoyp', 'lluq4876', 2),
(45, 'hdqtiiwn', 'hich9733', 2),
(46, 'watprwia', 'dbrj1753', 2),
(47, 'udfzfesp', 'mbke0573', 2),
(48, 'qpsvnfzb', 'khsx3626', 2),
(49, 'izgybfgr', 'kokg8299', 2),
(50, 'njstgehq', 'nzcz0530', 1),
(51, 'arjxujch', 'vlsj4073', 1),
(52, 'nengjkeb', 'mmyp6498', 2),
(53, 'lwwzffwc', 'ymoe6679', 2),
(54, 'rxgpmyjn', 'cone8370', 1),
(55, 'foqcmwab', 'odmw4077', 2),
(56, 'vqqfxoiw', 'feqv4736', 2),
(57, 'pfskssxn', 'pzei7926', 1),
(58, 'xanbvhis', 'xfun3285', 1),
(59, 'tfxhwjzq', 'jlpi7181', 2),
(60, 'buhzmzsz', 'qchy7282', 1),
(61, 'jqglwncl', 'eunn0141', 1),
(62, 'wrvtvkqc', 'sznf4160', 2),
(63, 'ddaypbfe', 'byuw4213', 2),
(64, 'mqbnhyos', 'pxka3008', 2),
(65, 'chvtsqlb', 'apaz6679', 1),
(66, 'ccoymtlj', 'jnlc5915', 2),
(67, 'elsidwvy', 'iowh8445', 2),
(68, 'xihzegtw', 'hbrh0065', 2),
(69, 'znyxrbva', 'zjis9035', 2),
(70, 'lzliqbxp', 'nozz4704', 1),
(71, 'xsmijcoe', 'szeo4798', 2),
(72, 'sosxhdcc', 'slmj8054', 2),
(73, 'caebgkan', 'kovf6753', 2),
(74, 'tttbxnnx', 'pvlb1043', 1),
(75, 'awwqgfkw', 'sakt6285', 2),
(76, 'brtvvrlm', 'nxeu4691', 2),
(77, 'urixwftl', 'uwej0004', 1),
(78, 'zayksyoe', 'wboh0756', 1),
(79, 'upelwfvw', 'vzwa3860', 2),
(80, 'frldvexb', 'haqi0078', 1),
(81, 'daekjaoi', 'wwtl5922', 1),
(82, 'kdztxwww', 'uvlb5902', 2),
(83, 'nrudjvmo', 'keis4366', 2),
(84, 'rgqgfxom', 'aosi7144', 2),
(85, 'melzobxs', 'qahb5839', 1),
(86, 'tkekozvq', 'sjxp6792', 2),
(87, 'jkfigsno', 'zuhn0831', 2),
(88, 'airewrjx', 'qjfa5057', 1),
(89, 'hykrlvbt', 'cbhs7771', 1),
(90, 'ufavvxkk', 'aagt9578', 1),
(91, 'qvwwjadd', 'uwzs1510', 2),
(92, 'gbfflbge', 'ekwy3728', 2),
(93, 'zsbnjkso', 'lnzw1814', 2),
(94, 'iyqurwsc', 'aajc8898', 2),
(95, 'wspwvhlh', 'xgcv4399', 1),
(96, 'tdwqirco', 'jven2559', 1),
(97, 'nomgerwt', 'owsa0749', 1),
(98, 'opqunyun', 'fdnb4624', 2),
(99, 'mffnnkhg', 'hajo6547', 2),
(100, 'qpdnicxo', 'oows2942', 1),
(101, 'a', 'a', 0),
(102, 'p', 'p', 2);

-- --------------------------------------------------------

--
-- Table structure for table `appointments`
--

CREATE TABLE `appointments` (
  `AppointmentID` int(11) NOT NULL,
  `ADate` date NOT NULL,
  `ATime` time NOT NULL,
  `AStatus` varchar(10) NOT NULL,
  `PatientID` int(11) NOT NULL,
  `DoctorID` int(11) NOT NULL
) ENGINE=InnoDB DEFAULT CHARSET=utf8mb4 COLLATE=utf8mb4_bin;

--
-- Dumping data for table `appointments`
--

INSERT INTO `appointments` (`AppointmentID`, `ADate`, `ATime`, `AStatus`, `PatientID`, `DoctorID`) VALUES
(1, '2025-04-26', '12:10:48', 'Pending', 25, 22),
(2, '2019-09-12', '16:47:02', 'Canceled', 7, 33),
(3, '2020-02-18', '18:39:20', 'Pending', 45, 42),
(4, '2015-05-01', '08:11:15', 'Failed', 46, 26),
(5, '2008-05-14', '15:44:28', 'Canceled', 9, 2),
(6, '2006-05-17', '14:46:35', 'Canceled', 8, 4),
(7, '2007-10-12', '09:27:54', 'Succeeded', 4, 43),
(8, '2008-04-10', '09:35:40', 'Succeeded', 4, 34),
(9, '2004-08-28', '18:50:19', 'Failed', 24, 7),
(10, '2024-01-24', '16:54:40', 'Succeeded', 38, 35),
(11, '2023-01-07', '08:22:33', 'Canceled', 48, 46),
(12, '2004-03-03', '18:42:23', 'Pending', 12, 46),
(13, '2018-10-30', '17:18:06', 'Succeeded', 48, 19),
(14, '2018-01-12', '14:04:47', 'Canceled', 11, 1),
(15, '2007-02-20', '15:18:42', 'Canceled', 41, 43),
(16, '2014-07-12', '08:00:14', 'Pending', 48, 47),
(17, '2017-10-10', '15:22:36', 'Pending', 35, 41),
(18, '2019-12-24', '10:12:42', 'Failed', 23, 8),
(19, '2010-06-16', '14:59:07', 'Succeeded', 26, 38),
(20, '2006-08-09', '10:03:02', 'Failed', 9, 26),
(21, '2015-02-10', '13:49:03', 'Pending', 33, 15),
(22, '2009-12-28', '15:25:29', 'Canceled', 23, 41),
(23, '2022-07-23', '14:56:48', 'Canceled', 37, 46),
(24, '2021-01-23', '16:37:01', 'Pending', 7, 23),
(25, '2018-05-05', '17:51:58', 'Failed', 8, 36),
(27, '2006-01-01', '09:08:44', 'Pending', 10, 9),
(28, '2003-07-17', '15:14:18', 'Succeeded', 37, 4),
(29, '2013-08-01', '12:11:01', 'Succeeded', 10, 33),
(30, '2005-09-08', '18:28:34', 'Succeeded', 46, 32),
(31, '2012-02-16', '10:59:19', 'Canceled', 27, 10),
(32, '2007-07-30', '08:33:36', 'Canceled', 21, 18),
(33, '2012-09-26', '15:38:16', 'Succeeded', 28, 17),
(34, '2006-02-06', '10:17:47', 'Canceled', 17, 43),
(35, '2019-04-12', '13:19:09', 'Pending', 45, 15),
(36, '2003-07-22', '13:20:42', 'Pending', 14, 6),
(37, '2006-03-03', '17:42:05', 'Canceled', 24, 26),
(38, '2016-03-06', '14:01:43', 'Succeeded', 2, 31),
(39, '2021-12-29', '14:09:19', 'Pending', 28, 14),
(40, '2021-11-01', '13:08:41', 'Succeeded', 8, 42),
(41, '2019-11-19', '13:51:16', 'Succeeded', 1, 25),
(42, '2020-05-25', '17:44:19', 'Succeeded', 47, 32),
(43, '2013-04-10', '15:57:42', 'Canceled', 20, 38),
(44, '2004-10-02', '14:55:28', 'Failed', 23, 30),
(45, '2007-09-21', '08:16:59', 'Pending', 34, 16),
(46, '2023-02-08', '09:38:58', 'Succeeded', 29, 20),
(47, '2020-01-17', '10:59:56', 'Canceled', 19, 27),
(48, '2012-01-31', '14:16:30', 'Pending', 16, 31),
(49, '2017-06-03', '13:15:44', 'Succeeded', 4, 7),
(51, '2016-10-15', '12:48:39', 'Canceled', 46, 7),
(52, '2005-08-19', '18:02:04', 'Succeeded', 44, 20),
(53, '2019-08-26', '08:54:18', 'Succeeded', 50, 10),
(54, '2006-10-19', '17:07:23', 'Canceled', 19, 24),
(55, '2020-06-23', '17:11:57', 'Succeeded', 19, 43),
(56, '2009-04-28', '13:28:57', 'Failed', 5, 31),
(57, '2007-05-15', '14:02:00', 'Pending', 27, 27),
(58, '2011-12-20', '10:14:27', 'Succeeded', 40, 3),
(59, '2020-08-26', '17:26:50', 'Pending', 44, 1),
(60, '2006-04-30', '17:41:26', 'Succeeded', 39, 31),
(61, '2007-10-24', '11:11:25', 'Canceled', 19, 49),
(62, '2006-11-17', '15:48:34', 'Pending', 9, 15),
(63, '2009-03-07', '18:55:13', 'Succeeded', 18, 47),
(64, '2015-02-28', '18:42:06', 'Pending', 3, 38),
(65, '2019-08-22', '08:30:04', 'Pending', 34, 43),
(66, '2015-09-04', '15:19:04', 'Succeeded', 36, 14),
(67, '2007-05-07', '10:21:49', 'Failed', 38, 33),
(68, '2020-10-12', '09:42:18', 'Failed', 21, 15),
(69, '2015-04-20', '08:34:38', 'Pending', 32, 30),
(72, '2010-07-31', '16:35:08', 'Pending', 25, 42),
(73, '2016-08-06', '10:00:23', 'Canceled', 35, 28),
(74, '2015-10-30', '16:23:14', 'Failed', 26, 9),
(75, '2020-01-02', '10:12:56', 'Canceled', 49, 18),
(76, '2012-05-26', '16:05:24', 'Pending', 38, 18),
(77, '2007-06-26', '10:35:07', 'Failed', 31, 47),
(78, '2013-12-27', '17:57:54', 'Failed', 5, 5),
(79, '2013-05-10', '15:05:17', 'Succeeded', 34, 29),
(80, '2020-01-03', '08:10:27', 'Succeeded', 25, 42),
(81, '2016-11-24', '11:39:54', 'Failed', 45, 5),
(82, '2004-04-18', '10:02:05', 'Pending', 37, 34),
(83, '2017-02-12', '17:14:14', 'Failed', 2, 30),
(84, '2010-09-23', '18:11:39', 'Pending', 7, 17),
(85, '2020-03-13', '17:07:12', 'Canceled', 42, 34),
(86, '2019-05-06', '08:52:31', 'Pending', 29, 8),
(87, '2013-02-16', '11:39:41', 'Pending', 32, 45),
(88, '2024-01-15', '16:58:09', 'Failed', 18, 2),
(89, '2003-05-12', '13:19:12', 'Failed', 20, 48),
(90, '2015-12-21', '08:06:48', 'Succeeded', 35, 23),
(91, '2014-09-10', '12:40:33', 'Failed', 49, 43),
(92, '2006-08-04', '11:28:15', 'Pending', 32, 30),
(93, '2009-05-17', '13:58:28', 'Pending', 19, 23),
(94, '2019-11-18', '10:56:52', 'Succeeded', 2, 17),
(95, '2007-12-23', '12:54:02', 'Failed', 36, 45),
(96, '2005-10-05', '11:59:26', 'Succeeded', 34, 26),
(97, '2009-10-01', '13:58:47', 'Canceled', 47, 10),
(98, '2024-12-13', '17:35:04', 'Succeeded', 14, 1),
(99, '2015-11-12', '14:34:56', 'Canceled', 25, 10),
(100, '2016-04-09', '18:00:59', 'Succeeded', 48, 47),
(101, '2014-02-14', '14:59:51', 'Canceled', 21, 49),
(102, '2022-04-08', '10:44:20', 'Canceled', 26, 28),
(103, '2019-04-23', '14:01:57', 'Pending', 33, 34),
(104, '2007-07-29', '09:57:23', 'Canceled', 12, 4),
(105, '2023-11-30', '12:14:42', 'Pending', 32, 40),
(106, '2018-05-24', '17:24:42', 'Failed', 36, 13),
(107, '2006-06-17', '10:16:01', 'Failed', 41, 4),
(108, '2010-03-02', '10:55:33', 'Canceled', 12, 37),
(109, '2023-01-23', '08:51:39', 'Pending', 48, 22),
(110, '2023-12-09', '08:19:40', 'Canceled', 15, 37),
(111, '2012-05-15', '10:32:54', 'Canceled', 22, 16),
(112, '2007-05-05', '10:46:24', 'Succeeded', 41, 48),
(113, '2025-03-31', '13:59:39', 'Failed', 13, 20),
(114, '2004-05-27', '10:04:28', 'Pending', 25, 30),
(115, '2019-12-26', '08:35:57', 'Canceled', 28, 18),
(116, '2014-06-05', '11:02:58', 'Succeeded', 16, 8),
(117, '2016-08-17', '18:45:22', 'Canceled', 31, 12),
(118, '2021-10-01', '18:54:19', 'Pending', 25, 29),
(119, '2009-02-25', '18:17:45', 'Canceled', 16, 6),
(120, '2025-02-04', '13:41:57', 'Failed', 4, 38),
(121, '2019-07-08', '08:35:59', 'Succeeded', 36, 19),
(122, '2017-03-02', '09:06:57', 'Pending', 26, 25),
(123, '2014-08-09', '09:19:38', 'Failed', 30, 45),
(124, '2004-02-06', '13:11:58', 'Canceled', 49, 20),
(125, '2006-04-02', '11:24:06', 'Pending', 47, 33),
(126, '2014-10-30', '08:59:32', 'Failed', 33, 37),
(127, '2012-02-25', '15:22:24', 'Succeeded', 14, 7),
(128, '2011-12-28', '09:25:12', 'Succeeded', 18, 41),
(129, '2020-05-21', '13:34:43', 'Pending', 2, 4),
(130, '2008-02-27', '18:32:55', 'Pending', 33, 13),
(131, '2003-01-08', '17:30:42', 'Canceled', 13, 29),
(132, '2012-08-04', '16:52:48', 'Succeeded', 15, 20),
(133, '2019-11-24', '10:29:40', 'Canceled', 38, 36),
(134, '2005-10-06', '10:25:50', 'Failed', 7, 7),
(135, '2021-10-24', '17:00:00', 'Pending', 7, 34),
(136, '2022-03-04', '13:53:56', 'Failed', 46, 17),
(137, '2008-12-19', '10:33:20', 'Failed', 45, 33),
(138, '2024-02-28', '08:25:04', 'Failed', 9, 35),
(139, '2016-11-09', '12:23:52', 'Pending', 45, 1),
(140, '2010-07-13', '18:41:37', 'Canceled', 26, 25),
(141, '2021-07-22', '18:54:05', 'Failed', 26, 23),
(142, '2013-08-11', '15:16:37', 'Pending', 13, 38),
(143, '2014-12-16', '11:56:10', 'Pending', 50, 28),
(144, '2017-01-16', '11:06:00', 'Canceled', 25, 12),
(145, '2010-08-08', '12:34:58', 'Failed', 14, 6),
(146, '2004-01-09', '15:11:49', 'Succeeded', 23, 3),
(147, '2009-08-12', '12:42:10', 'Succeeded', 29, 28),
(148, '2010-09-01', '17:28:22', 'Canceled', 33, 10),
(149, '2018-05-29', '14:13:51', 'Succeeded', 32, 20),
(150, '2014-07-08', '16:52:52', 'Pending', 26, 37),
(151, '2010-06-29', '16:10:44', 'Failed', 42, 11),
(152, '2004-08-27', '11:47:50', 'Succeeded', 34, 47),
(153, '2012-11-02', '09:29:34', 'Succeeded', 23, 11),
(154, '2005-01-28', '10:32:33', 'Pending', 19, 46),
(155, '2008-10-20', '15:59:30', 'Failed', 37, 1),
(156, '2013-02-05', '18:31:09', 'Canceled', 11, 10),
(157, '2024-05-24', '18:40:11', 'Failed', 11, 9),
(158, '2023-03-17', '18:34:08', 'Pending', 4, 15),
(159, '2025-04-05', '08:41:18', 'Succeeded', 35, 40),
(160, '2012-08-18', '12:54:46', 'Canceled', 11, 7),
(161, '2018-11-16', '10:42:15', 'Failed', 37, 49),
(162, '2016-01-07', '13:54:07', 'Failed', 13, 19),
(163, '2011-10-12', '13:18:14', 'Failed', 49, 29),
(164, '2013-12-28', '11:07:57', 'Canceled', 44, 38),
(165, '2013-12-08', '08:51:45', 'Canceled', 35, 37),
(166, '2010-08-14', '11:27:45', 'Failed', 30, 33),
(167, '2021-10-01', '10:10:13', 'Pending', 17, 46),
(168, '2014-02-02', '17:55:11', 'Failed', 19, 15),
(169, '2023-02-21', '14:43:48', 'Failed', 48, 37),
(170, '2005-02-05', '18:22:27', 'Canceled', 25, 12),
(171, '2021-08-28', '14:06:06', 'Canceled', 24, 34),
(172, '2025-01-24', '17:16:26', 'Pending', 8, 32),
(173, '2018-03-31', '13:32:40', 'Pending', 1, 32),
(174, '2009-05-20', '13:16:33', 'Failed', 28, 25),
(175, '2011-01-12', '17:31:34', 'Failed', 6, 32),
(176, '2003-07-24', '15:33:56', 'Succeeded', 8, 37),
(177, '2021-06-20', '16:08:40', 'Pending', 31, 25),
(178, '2022-11-05', '12:13:18', 'Failed', 8, 22),
(179, '2014-04-21', '08:50:09', 'Failed', 42, 44),
(180, '2004-07-13', '12:53:30', 'Pending', 46, 32),
(181, '2005-03-27', '18:42:57', 'Succeeded', 30, 45),
(182, '2020-03-28', '12:58:44', 'Succeeded', 44, 38),
(183, '2020-07-26', '14:33:27', 'Canceled', 16, 41),
(184, '2015-02-04', '17:02:00', 'Pending', 45, 21),
(185, '2016-06-29', '13:01:19', 'Succeeded', 20, 15),
(186, '2015-11-29', '13:19:23', 'Canceled', 37, 15),
(187, '2018-10-27', '12:56:51', 'Pending', 35, 35),
(188, '2008-10-09', '16:31:23', 'Succeeded', 12, 36),
(189, '2022-10-20', '18:37:30', 'Pending', 32, 14),
(190, '2012-02-06', '10:08:34', 'Failed', 23, 37),
(191, '2006-05-06', '16:55:00', 'Pending', 28, 3),
(192, '2012-12-27', '14:44:12', 'Pending', 45, 40),
(193, '2013-09-19', '08:53:32', 'Failed', 44, 14),
(194, '2015-07-15', '13:26:55', 'Failed', 29, 34),
(195, '2021-11-10', '13:00:17', 'Failed', 17, 43),
(196, '2008-06-10', '12:54:56', 'Pending', 24, 25),
(197, '2014-02-06', '17:13:16', 'Failed', 49, 19),
(198, '2012-07-21', '17:01:34', 'Pending', 14, 3),
(199, '2004-05-07', '17:54:23', 'Canceled', 50, 36),
(200, '2013-01-23', '09:31:09', 'Failed', 25, 18),
(201, '2014-05-24', '16:57:17', 'Failed', 9, 24),
(202, '2008-11-12', '15:22:13', 'Succeeded', 11, 46),
(203, '2014-05-06', '11:29:33', 'Canceled', 39, 31),
(204, '2011-07-18', '16:53:38', 'Pending', 41, 23),
(205, '2009-03-22', '18:28:24', 'Succeeded', 4, 30),
(206, '2013-09-01', '08:58:58', 'Pending', 47, 46),
(207, '2025-05-08', '09:02:46', 'Failed', 42, 5),
(208, '2008-08-18', '09:28:26', 'Pending', 48, 46),
(209, '2016-04-29', '10:48:02', 'Failed', 46, 14),
(210, '2025-06-04', '08:39:50', 'Failed', 9, 6),
(211, '2018-06-07', '15:49:09', 'Succeeded', 40, 25),
(212, '2019-01-11', '09:51:34', 'Pending', 21, 40),
(213, '2003-09-06', '16:53:31', 'Canceled', 34, 25),
(214, '2018-04-26', '15:58:44', 'Canceled', 50, 11),
(215, '2018-11-03', '09:04:42', 'Succeeded', 7, 12),
(216, '2018-04-12', '14:25:53', 'Pending', 6, 19),
(217, '2003-02-16', '08:27:01', 'Canceled', 25, 18),
(218, '2018-06-22', '15:40:03', 'Succeeded', 48, 40),
(219, '2011-12-26', '18:42:39', 'Succeeded', 14, 1),
(220, '2021-07-09', '16:16:38', 'Succeeded', 35, 26),
(221, '2022-12-01', '14:59:14', 'Succeeded', 2, 20),
(222, '2024-10-14', '09:45:05', 'Succeeded', 30, 47),
(223, '2019-03-20', '16:15:21', 'Failed', 6, 49),
(224, '2017-02-23', '14:01:40', 'Pending', 9, 40),
(225, '2014-07-16', '08:56:18', 'Canceled', 16, 5),
(226, '2013-07-26', '08:49:24', 'Succeeded', 6, 46),
(227, '2025-08-03', '18:05:48', 'Failed', 16, 40),
(228, '2021-11-10', '11:23:10', 'Canceled', 29, 8),
(229, '2017-11-14', '16:15:31', 'Failed', 27, 42),
(230, '2017-03-12', '13:10:57', 'Canceled', 2, 40),
(231, '2013-04-18', '13:08:05', 'Succeeded', 32, 15),
(232, '2025-05-24', '11:47:31', 'Failed', 7, 18),
(233, '2015-03-10', '18:31:08', 'Failed', 29, 20),
(234, '2017-07-26', '16:33:12', 'Failed', 23, 5),
(235, '2009-05-23', '15:08:09', 'Canceled', 48, 17),
(236, '2014-11-29', '18:23:53', 'Succeeded', 40, 1),
(237, '2006-12-30', '09:13:25', 'Canceled', 15, 37),
(238, '2005-03-07', '15:10:08', 'Succeeded', 14, 20),
(239, '2009-04-04', '09:14:47', 'Succeeded', 9, 49),
(240, '2006-11-18', '08:28:47', 'Failed', 21, 18),
(241, '2023-02-23', '17:22:56', 'Pending', 39, 30),
(242, '2017-09-17', '18:01:50', 'Pending', 36, 29),
(243, '2008-02-26', '17:29:02', 'Canceled', 45, 22),
(244, '2010-12-20', '14:12:59', 'Pending', 22, 45),
(245, '2010-09-20', '12:39:07', 'Failed', 26, 41),
(246, '2023-11-06', '09:49:38', 'Canceled', 9, 16),
(247, '2024-02-17', '08:56:27', 'Pending', 39, 8),
(248, '2023-12-15', '08:42:13', 'Pending', 30, 44),
(249, '2008-12-27', '09:22:32', 'Pending', 28, 8),
(250, '2013-03-02', '15:31:53', 'Failed', 43, 37),
(251, '2008-12-04', '13:31:14', 'Canceled', 23, 22),
(252, '2005-06-17', '08:22:58', 'Pending', 50, 40),
(253, '2008-02-14', '18:04:48', 'Failed', 35, 35),
(254, '2022-04-06', '18:12:38', 'Succeeded', 7, 15),
(255, '2004-01-18', '16:39:50', 'Succeeded', 17, 6),
(256, '2014-12-30', '16:58:37', 'Pending', 10, 31),
(257, '2016-09-03', '17:49:51', 'Pending', 7, 49),
(258, '2013-07-22', '12:25:00', 'Pending', 33, 34),
(259, '2014-01-02', '13:52:20', 'Succeeded', 39, 21),
(260, '2005-09-04', '15:38:18', 'Failed', 38, 38),
(261, '2018-11-27', '12:10:42', 'Succeeded', 44, 35),
(262, '2013-11-15', '09:17:24', 'Pending', 41, 7),
(263, '2013-03-23', '15:20:39', 'Succeeded', 44, 33),
(264, '2024-09-27', '08:37:42', 'Failed', 12, 39),
(265, '2004-11-26', '16:07:47', 'Succeeded', 10, 48),
(266, '2005-04-28', '10:15:45', 'Canceled', 10, 16),
(267, '2003-02-03', '14:45:35', 'Succeeded', 31, 28),
(268, '2008-04-13', '15:01:54', 'Canceled', 4, 17),
(269, '2005-11-25', '09:34:44', 'Canceled', 25, 29),
(270, '2020-05-10', '15:38:02', 'Failed', 1, 33),
(271, '2017-09-30', '17:54:30', 'Failed', 50, 25),
(272, '2015-04-21', '16:59:04', 'Canceled', 15, 16),
(273, '2018-10-16', '10:29:23', 'Succeeded', 18, 18),
(274, '2009-07-29', '14:16:04', 'Succeeded', 6, 34),
(275, '2005-01-14', '11:48:02', 'Canceled', 11, 27),
(277, '2024-03-13', '15:14:20', 'Pending', 48, 25),
(278, '2004-07-05', '14:20:19', 'Pending', 41, 36),
(279, '2018-11-20', '09:39:37', 'Canceled', 30, 4),
(280, '2003-12-09', '08:41:26', 'Pending', 23, 10),
(281, '2025-02-21', '13:21:10', 'Failed', 46, 32),
(282, '2003-05-10', '16:51:07', 'Failed', 30, 16),
(283, '2018-04-19', '09:15:54', 'Canceled', 44, 3),
(284, '2016-06-20', '17:17:04', 'Canceled', 9, 45),
(285, '2014-05-05', '13:16:25', 'Succeeded', 13, 48),
(286, '2025-12-02', '09:36:17', 'Canceled', 48, 8),
(287, '2018-07-06', '08:29:49', 'Succeeded', 1, 46),
(288, '2004-04-25', '14:06:39', 'Succeeded', 15, 21),
(289, '2012-08-26', '18:22:37', 'Succeeded', 11, 34),
(290, '2004-05-01', '10:46:17', 'Succeeded', 44, 40),
(291, '2021-11-16', '09:10:27', 'Failed', 9, 47),
(292, '2018-09-15', '15:22:27', 'Canceled', 29, 26),
(293, '2024-07-13', '17:33:14', 'Canceled', 38, 5),
(294, '2017-05-25', '18:22:10', 'Pending', 42, 48),
(295, '2004-09-10', '12:54:30', 'Failed', 45, 27),
(296, '2007-05-31', '08:20:05', 'Canceled', 25, 39),
(297, '2006-04-08', '09:33:08', 'Pending', 38, 48),
(298, '2010-12-25', '16:46:12', 'Pending', 25, 25),
(299, '2024-09-19', '16:44:45', 'Succeeded', 27, 37),
(300, '2007-11-07', '09:22:09', 'Failed', 48, 5),
(301, '2021-07-09', '11:05:09', 'Pending', 19, 34),
(302, '2020-06-15', '13:58:21', 'Failed', 14, 32),
(303, '2023-04-10', '11:27:17', 'Canceled', 36, 22),
(304, '2017-08-10', '13:40:09', 'Succeeded', 10, 24),
(305, '2013-03-14', '08:57:12', 'Pending', 46, 31),
(306, '2007-07-25', '16:04:16', 'Failed', 16, 42),
(307, '2020-05-09', '10:36:40', 'Canceled', 37, 49),
(308, '2015-11-07', '17:44:23', 'Failed', 19, 2),
(309, '2021-03-24', '15:28:24', 'Canceled', 40, 3),
(310, '2015-04-01', '15:54:13', 'Canceled', 25, 14),
(311, '2007-06-24', '17:30:17', 'Failed', 40, 21),
(312, '2018-12-31', '16:44:58', 'Canceled', 7, 43),
(313, '2006-03-17', '15:54:45', 'Failed', 31, 20),
(314, '2004-12-30', '11:37:10', 'Pending', 6, 39),
(315, '2018-04-29', '11:45:10', 'Failed', 18, 17),
(316, '2010-11-25', '12:26:23', 'Succeeded', 34, 25),
(317, '2020-03-30', '12:10:08', 'Canceled', 33, 8),
(318, '2011-10-08', '11:54:46', 'Succeeded', 34, 35),
(319, '2017-04-09', '09:18:02', 'Succeeded', 18, 6),
(320, '2008-12-25', '14:38:03', 'Failed', 26, 46),
(321, '2006-08-19', '09:10:17', 'Canceled', 24, 38),
(323, '2016-03-07', '14:33:38', 'Canceled', 44, 42),
(324, '2006-08-31', '16:31:07', 'Failed', 3, 45),
(325, '2024-11-29', '14:54:48', 'Pending', 41, 49),
(326, '2024-08-16', '18:24:23', 'Canceled', 16, 32),
(327, '2013-06-14', '14:22:33', 'Pending', 10, 3),
(328, '2021-12-22', '15:13:11', 'Pending', 35, 20),
(329, '2006-07-09', '12:45:21', 'Failed', 34, 6),
(330, '2012-02-11', '16:58:57', 'Canceled', 39, 20),
(331, '2025-12-30', '13:10:53', 'Canceled', 33, 48),
(332, '2022-05-25', '10:06:21', 'Pending', 41, 21),
(333, '2017-01-12', '09:21:55', 'Succeeded', 1, 48),
(334, '2025-11-17', '09:43:51', 'Canceled', 19, 17),
(335, '2017-10-18', '11:34:09', 'Canceled', 8, 47),
(336, '2018-10-12', '10:14:11', 'Pending', 49, 32),
(337, '2019-12-20', '18:16:50', 'Succeeded', 18, 23),
(338, '2016-11-19', '14:38:30', 'Failed', 9, 16),
(339, '2010-09-22', '16:37:05', 'Succeeded', 48, 47),
(340, '2015-06-22', '15:18:44', 'Pending', 32, 34),
(341, '2022-12-15', '10:15:45', 'Failed', 25, 8),
(342, '2012-10-31', '08:03:14', 'Failed', 18, 47),
(343, '2016-02-14', '17:02:01', 'Pending', 38, 9),
(344, '2022-01-01', '08:28:01', 'Failed', 23, 49),
(345, '2021-10-02', '17:37:17', 'Canceled', 20, 25),
(346, '2024-12-14', '14:59:15', 'Failed', 31, 27),
(348, '2021-11-28', '13:58:51', 'Pending', 5, 40),
(350, '2018-12-29', '11:18:13', 'Failed', 45, 33),
(351, '2014-07-13', '10:26:27', 'Pending', 7, 9),
(352, '2014-06-03', '17:57:49', 'Pending', 8, 40),
(353, '2008-07-18', '12:35:14', 'Pending', 28, 27),
(355, '2003-06-10', '17:37:45', 'Canceled', 42, 18),
(356, '2021-01-26', '18:02:22', 'Canceled', 6, 46),
(357, '2015-10-17', '10:10:53', 'Failed', 33, 16),
(358, '2019-09-19', '13:12:42', 'Canceled', 38, 3),
(359, '2009-06-22', '13:16:02', 'Pending', 26, 28),
(360, '2024-10-09', '11:14:56', 'Failed', 26, 26),
(361, '2003-02-13', '10:40:28', 'Failed', 50, 42),
(362, '2006-12-02', '14:59:28', 'Pending', 28, 5),
(363, '2014-01-21', '18:35:25', 'Failed', 3, 31),
(364, '2025-07-22', '09:33:34', 'Pending', 43, 20),
(365, '2012-05-16', '16:41:02', 'Canceled', 18, 30),
(366, '2005-07-12', '10:37:27', 'Pending', 8, 40),
(367, '2011-06-01', '09:06:50', 'Canceled', 27, 19),
(368, '2006-04-22', '13:37:55', 'Pending', 18, 48),
(369, '2011-10-17', '09:33:06', 'Failed', 29, 49),
(370, '2017-04-23', '16:30:09', 'Canceled', 21, 27),
(371, '2018-06-15', '08:58:18', 'Failed', 47, 14),
(372, '2007-11-24', '15:13:56', 'Pending', 43, 28),
(373, '2020-11-26', '10:32:06', 'Succeeded', 5, 11),
(374, '2014-07-01', '09:38:27', 'Pending', 4, 49),
(375, '2011-05-14', '13:08:39', 'Pending', 25, 11),
(376, '2008-07-16', '12:25:49', 'Pending', 15, 8),
(377, '2018-04-09', '13:44:33', 'Pending', 21, 43),
(378, '2015-12-05', '11:59:45', 'Failed', 11, 24),
(379, '2013-04-19', '11:18:50', 'Pending', 27, 9),
(380, '2005-04-15', '12:17:35', 'Succeeded', 44, 24),
(381, '2009-05-31', '17:46:24', 'Succeeded', 16, 1),
(382, '2013-08-31', '09:12:54', 'Canceled', 41, 2),
(383, '2009-06-17', '11:11:03', 'Pending', 1, 22),
(384, '2014-04-12', '10:31:05', 'Succeeded', 37, 26),
(385, '2018-10-03', '11:58:01', 'Canceled', 49, 13),
(386, '2019-06-04', '13:37:21', 'Failed', 16, 1),
(387, '2010-08-30', '17:25:15', 'Pending', 16, 42),
(389, '2005-07-21', '08:26:46', 'Pending', 16, 32),
(390, '2014-08-12', '16:12:15', 'Pending', 27, 14),
(391, '2020-05-01', '18:40:02', 'Canceled', 9, 3),
(392, '2013-06-02', '13:26:36', 'Succeeded', 25, 31),
(393, '2022-03-31', '14:55:52', 'Canceled', 18, 16),
(394, '2004-07-16', '16:16:38', 'Canceled', 47, 35),
(395, '2016-10-09', '13:05:08', 'Failed', 39, 37),
(396, '2020-08-25', '16:49:07', 'Succeeded', 13, 39),
(397, '2008-09-07', '16:01:18', 'Pending', 28, 27),
(398, '2015-02-04', '16:20:01', 'Canceled', 35, 29),
(399, '2006-10-29', '17:39:17', 'Canceled', 10, 9),
(400, '2007-02-20', '13:55:23', 'Pending', 30, 5),
(401, '2012-10-03', '12:18:25', 'Pending', 50, 13),
(402, '2003-05-04', '09:53:13', 'Failed', 26, 30),
(403, '2021-12-12', '15:41:54', 'Pending', 15, 4),
(404, '2016-06-19', '10:32:29', 'Failed', 46, 11),
(405, '2014-11-29', '11:20:22', 'Failed', 16, 30),
(406, '2010-05-30', '08:32:23', 'Canceled', 33, 8),
(407, '2017-04-03', '12:10:52', 'Failed', 15, 28),
(408, '2003-01-25', '13:45:56', 'Failed', 8, 34),
(409, '2025-09-19', '14:35:39', 'Failed', 32, 18),
(410, '2003-11-26', '12:30:55', 'Pending', 36, 43),
(411, '2021-08-18', '17:51:07', 'Succeeded', 42, 46),
(412, '2008-06-13', '10:16:40', 'Succeeded', 31, 20),
(413, '2023-04-13', '18:11:57', 'Pending', 15, 33),
(414, '2021-08-24', '15:06:02', 'Failed', 26, 37),
(415, '2008-09-23', '13:12:39', 'Canceled', 34, 32),
(416, '2017-05-04', '09:31:47', 'Succeeded', 35, 15),
(417, '2004-07-15', '13:16:44', 'Canceled', 42, 31),
(418, '2017-02-04', '15:25:46', 'Pending', 28, 15),
(419, '2016-10-11', '15:50:40', 'Succeeded', 22, 14),
(420, '2005-04-28', '15:42:00', 'Succeeded', 45, 45),
(421, '2006-01-01', '18:50:57', 'Failed', 1, 16),
(422, '2004-12-09', '09:30:57', 'Pending', 42, 48),
(423, '2010-08-02', '16:08:07', 'Succeeded', 42, 4),
(424, '2023-09-06', '15:50:55', 'Canceled', 1, 31),
(425, '2021-05-09', '10:59:09', 'Failed', 13, 48),
(426, '2016-07-22', '08:00:48', 'Pending', 11, 42),
(427, '2008-01-19', '08:27:15', 'Failed', 13, 26),
(428, '2024-08-19', '08:33:16', 'Failed', 38, 18),
(429, '2022-01-20', '12:49:43', 'Failed', 25, 47),
(430, '2012-10-18', '13:36:37', 'Failed', 21, 38),
(431, '2016-08-30', '14:39:39', 'Failed', 42, 23),
(432, '2010-11-14', '11:24:20', 'Failed', 26, 37),
(433, '2015-12-30', '15:11:12', 'Succeeded', 27, 16),
(434, '2022-06-01', '13:13:47', 'Pending', 42, 12),
(435, '2017-07-01', '13:21:03', 'Failed', 1, 7),
(436, '2011-04-25', '12:09:56', 'Failed', 16, 18),
(437, '2012-01-01', '09:17:42', 'Pending', 33, 3),
(438, '2017-09-10', '10:45:08', 'Pending', 49, 28),
(439, '2013-08-02', '15:24:09', 'Failed', 26, 27),
(440, '2005-07-07', '14:27:25', 'Pending', 24, 9),
(441, '2020-06-03', '09:26:52', 'Succeeded', 22, 40),
(442, '2024-10-18', '15:44:17', 'Canceled', 8, 41),
(443, '2022-08-09', '09:05:03', 'Pending', 11, 26),
(444, '2014-09-19', '11:01:47', 'Failed', 40, 48),
(445, '2014-04-08', '14:41:09', 'Pending', 49, 6),
(446, '2004-08-04', '16:43:47', 'Failed', 4, 30),
(447, '2010-10-09', '11:19:01', 'Succeeded', 13, 33),
(448, '2015-07-02', '13:20:13', 'Canceled', 13, 25),
(449, '2006-01-23', '12:28:41', 'Pending', 8, 30),
(451, '2020-01-21', '17:26:19', 'Pending', 44, 7),
(452, '2015-07-14', '15:43:51', 'Canceled', 32, 15),
(453, '2021-05-28', '17:39:43', 'Failed', 5, 39),
(454, '2009-12-25', '14:10:09', 'Pending', 1, 37),
(455, '2004-06-10', '13:35:15', 'Canceled', 23, 12),
(456, '2023-08-11', '11:37:22', 'Pending', 25, 32),
(457, '2020-03-11', '09:23:20', 'Succeeded', 4, 46),
(458, '2004-07-01', '13:58:35', 'Pending', 49, 13),
(459, '2004-01-13', '11:22:42', 'Canceled', 23, 34),
(461, '2012-08-14', '11:13:56', 'Failed', 12, 13),
(462, '2024-05-23', '09:37:34', 'Failed', 27, 43),
(463, '2024-05-02', '11:04:25', 'Pending', 32, 25),
(464, '2021-04-14', '17:20:48', 'Succeeded', 15, 7),
(465, '2025-06-23', '12:48:38', 'Failed', 50, 42),
(466, '2014-04-26', '14:15:07', 'Pending', 12, 7),
(467, '2018-09-18', '18:00:52', 'Canceled', 29, 47),
(468, '2005-10-07', '15:47:44', 'Succeeded', 1, 48),
(469, '2020-11-28', '18:30:44', 'Failed', 37, 29),
(470, '2021-10-04', '16:25:15', 'Failed', 22, 2),
(471, '2013-11-02', '18:32:59', 'Failed', 18, 47),
(472, '2022-05-08', '08:28:51', 'Pending', 46, 7),
(473, '2023-10-21', '11:44:51', 'Pending', 29, 44),
(474, '2021-07-07', '14:41:56', 'Canceled', 44, 10),
(475, '2008-04-29', '13:13:46', 'Failed', 2, 33),
(476, '2024-06-14', '09:09:37', 'Failed', 33, 48),
(477, '2010-07-16', '17:49:11', 'Failed', 1, 26),
(478, '2013-11-13', '09:41:13', 'Canceled', 49, 8),
(479, '2016-08-03', '08:05:22', 'Pending', 23, 28),
(480, '2014-03-31', '14:08:15', 'Succeeded', 18, 10),
(481, '2014-02-03', '14:12:20', 'Pending', 25, 49),
(482, '2003-11-04', '17:47:39', 'Failed', 43, 14),
(483, '2015-05-05', '17:07:42', 'Pending', 28, 23),
(484, '2009-08-18', '09:17:39', 'Pending', 35, 12),
(485, '2007-03-04', '16:14:51', 'Failed', 50, 47),
(486, '2019-08-17', '10:48:59', 'Canceled', 14, 24),
(487, '2021-12-29', '10:21:58', 'Failed', 50, 21),
(488, '2022-08-05', '08:56:21', 'Pending', 10, 4),
(489, '2016-07-30', '13:44:33', 'Failed', 25, 28),
(490, '2022-07-14', '15:26:26', 'Pending', 29, 20),
(491, '2011-06-22', '16:37:38', 'Canceled', 28, 48),
(492, '2008-05-28', '17:33:44', 'Pending', 38, 14),
(493, '2022-05-10', '16:27:42', 'Canceled', 33, 41),
(494, '2023-03-23', '10:48:33', 'Failed', 49, 44),
(495, '2015-01-13', '16:20:50', 'Succeeded', 30, 17),
(496, '2009-09-30', '16:14:46', 'Canceled', 21, 27),
(497, '2006-12-09', '08:15:10', 'Succeeded', 46, 15),
(498, '2018-05-09', '15:32:13', 'Succeeded', 27, 3),
(499, '2003-02-02', '17:22:33', 'Pending', 45, 43),
(500, '2021-12-29', '14:49:41', 'Failed', 48, 44),
(501, '2003-05-14', '14:19:48', 'Succeeded', 50, 32),
(502, '2018-10-17', '10:45:53', 'Failed', 48, 30),
(503, '2004-02-22', '15:49:41', 'Failed', 30, 24),
(504, '2018-12-04', '08:14:28', 'Failed', 13, 37),
(505, '2011-06-22', '16:06:19', 'Pending', 23, 19),
(506, '2004-10-19', '15:22:39', 'Canceled', 37, 7),
(507, '2005-07-31', '12:27:43', 'Pending', 40, 40),
(508, '2025-09-03', '08:55:59', 'Succeeded', 9, 8),
(509, '2016-10-02', '18:19:57', 'Pending', 49, 34),
(510, '2011-07-01', '15:07:16', 'Failed', 30, 40),
(511, '2009-08-31', '14:40:09', 'Failed', 2, 31),
(512, '2016-11-11', '18:24:46', 'Pending', 21, 6),
(514, '2024-07-22', '16:46:39', 'Canceled', 36, 41),
(515, '2008-06-05', '16:28:27', 'Succeeded', 31, 38),
(516, '2020-06-11', '12:13:43', 'Failed', 32, 36),
(517, '2008-01-16', '11:03:49', 'Pending', 7, 27),
(519, '2003-04-22', '14:49:42', 'Pending', 6, 8),
(520, '2010-11-04', '17:31:25', 'Pending', 11, 25),
(521, '2013-12-12', '08:56:43', 'Pending', 19, 22),
(522, '2005-11-05', '15:12:22', 'Succeeded', 29, 25),
(523, '2015-05-14', '13:32:55', 'Failed', 40, 1),
(524, '2016-04-15', '18:24:28', 'Succeeded', 42, 1),
(525, '2016-06-17', '08:15:17', 'Succeeded', 26, 2),
(526, '2024-12-27', '18:48:22', 'Failed', 8, 5),
(527, '2005-10-27', '16:55:49', 'Failed', 18, 29),
(528, '2024-04-03', '10:54:28', 'Failed', 34, 46),
(529, '2013-07-21', '12:19:35', 'Succeeded', 13, 40),
(530, '2013-09-23', '15:49:03', 'Succeeded', 3, 7),
(532, '2008-05-13', '12:09:43', 'Canceled', 6, 18),
(533, '2014-05-18', '18:34:19', 'Succeeded', 18, 19),
(534, '2022-10-19', '13:35:35', 'Pending', 34, 44),
(535, '2022-12-02', '17:29:56', 'Pending', 27, 39),
(536, '2006-06-26', '16:01:19', 'Succeeded', 5, 19),
(537, '2017-05-30', '13:06:49', 'Failed', 37, 21),
(538, '2011-08-18', '14:55:52', 'Canceled', 18, 23),
(539, '2016-10-22', '12:45:42', 'Canceled', 22, 27),
(540, '2016-05-30', '12:40:17', 'Canceled', 31, 13),
(541, '2013-10-09', '09:03:25', 'Succeeded', 2, 32),
(542, '2021-03-16', '12:06:57', 'Pending', 3, 49),
(543, '2021-01-27', '10:55:58', 'Canceled', 30, 45),
(544, '2019-01-21', '13:53:30', 'Failed', 43, 20),
(545, '2016-02-21', '08:31:04', 'Canceled', 47, 39),
(546, '2004-11-30', '15:37:13', 'Failed', 1, 21),
(547, '2024-02-08', '08:11:54', 'Succeeded', 6, 9),
(548, '2015-01-01', '08:29:15', 'Failed', 39, 49),
(549, '2013-01-13', '10:19:46', 'Canceled', 37, 7),
(550, '2025-03-26', '14:57:45', 'Succeeded', 27, 43),
(551, '2025-07-23', '10:29:24', 'Pending', 11, 22),
(552, '2010-10-12', '08:06:11', 'Failed', 8, 47),
(553, '2012-03-07', '17:45:33', 'Canceled', 14, 24),
(554, '2013-01-27', '16:12:33', 'Pending', 43, 8),
(555, '2009-09-01', '13:05:06', 'Failed', 33, 37),
(556, '2007-10-14', '15:06:05', 'Canceled', 42, 27),
(557, '2022-06-25', '16:27:52', 'Canceled', 26, 9),
(558, '2021-08-13', '09:23:13', 'Pending', 36, 34),
(559, '2015-01-08', '09:26:40', 'Canceled', 50, 15),
(560, '2018-07-15', '17:02:58', 'Canceled', 20, 26),
(561, '2004-12-02', '18:04:47', 'Failed', 31, 41),
(562, '2021-11-23', '18:53:41', 'Pending', 15, 34),
(563, '2014-04-16', '11:01:46', 'Failed', 25, 9),
(564, '2006-08-07', '10:40:39', 'Pending', 20, 23),
(565, '2003-12-16', '10:59:02', 'Succeeded', 29, 6),
(566, '2008-03-28', '18:44:30', 'Failed', 17, 43),
(567, '2005-06-14', '11:28:12', 'Failed', 32, 30),
(568, '2005-10-19', '09:23:15', 'Pending', 20, 17),
(569, '2005-01-29', '14:00:21', 'Canceled', 18, 6),
(571, '2025-06-13', '08:16:20', 'Canceled', 23, 38),
(572, '2013-07-25', '17:48:39', 'Failed', 45, 46),
(573, '2005-10-18', '14:15:02', 'Canceled', 36, 1),
(574, '2024-09-11', '15:00:43', 'Pending', 20, 46),
(575, '2025-07-23', '17:35:00', 'Succeeded', 20, 42),
(576, '2013-04-14', '18:10:21', 'Succeeded', 38, 3),
(577, '2009-10-28', '08:09:07', 'Succeeded', 11, 1),
(578, '2004-06-12', '13:21:45', 'Succeeded', 47, 19),
(579, '2023-11-24', '17:30:46', 'Succeeded', 44, 41),
(580, '2021-12-18', '18:31:51', 'Failed', 34, 11),
(581, '2011-03-09', '17:19:38', 'Succeeded', 49, 15),
(582, '2004-09-08', '13:09:25', 'Canceled', 4, 37),
(583, '2019-08-27', '08:23:39', 'Pending', 44, 8),
(584, '2018-08-13', '10:30:46', 'Succeeded', 35, 23),
(585, '2019-11-13', '12:14:56', 'Failed', 30, 7),
(586, '2004-10-23', '17:02:00', 'Failed', 12, 49),
(587, '2022-05-10', '14:21:30', 'Pending', 6, 33),
(588, '2007-11-29', '08:12:57', 'Succeeded', 27, 7),
(589, '2017-03-28', '09:28:43', 'Canceled', 42, 26),
(590, '2016-01-19', '18:30:00', 'Pending', 42, 3),
(591, '2006-04-06', '08:50:58', 'Pending', 29, 7),
(592, '2025-05-14', '11:09:18', 'Canceled', 46, 1),
(593, '2017-12-10', '15:01:53', 'Failed', 1, 19),
(594, '2015-02-13', '14:43:04', 'Succeeded', 36, 2),
(595, '2006-02-07', '09:35:22', 'Failed', 41, 26),
(596, '2005-04-25', '12:49:23', 'Succeeded', 28, 28),
(597, '2020-05-08', '16:25:11', 'Failed', 38, 12),
(598, '2024-03-07', '14:39:26', 'Pending', 42, 7),
(599, '2023-09-18', '13:46:49', 'Failed', 13, 30),
(600, '2017-11-06', '10:27:05', 'Failed', 45, 41),
(601, '2016-03-09', '18:15:30', 'Failed', 26, 14),
(602, '2022-12-11', '12:50:49', 'Failed', 50, 49),
(603, '2007-07-17', '18:46:18', 'Pending', 43, 43),
(604, '2020-12-02', '10:56:21', 'Canceled', 14, 25),
(605, '2006-07-27', '18:26:04', 'Failed', 4, 28),
(606, '2014-11-08', '11:25:12', 'Succeeded', 29, 32),
(607, '2016-04-30', '11:44:24', 'Pending', 32, 40),
(608, '2004-05-03', '10:27:00', 'Succeeded', 5, 24),
(609, '2014-02-23', '13:54:45', 'Failed', 35, 44),
(610, '2013-07-23', '08:41:41', 'Pending', 17, 15),
(611, '2018-10-18', '09:28:27', 'Canceled', 14, 12),
(612, '2009-08-01', '18:21:30', 'Pending', 26, 13),
(613, '2013-11-15', '17:18:03', 'Failed', 45, 19),
(614, '2004-02-01', '18:17:29', 'Succeeded', 22, 47),
(615, '2023-05-30', '10:21:20', 'Canceled', 39, 14),
(616, '2022-09-08', '18:16:35', 'Canceled', 6, 20),
(617, '2008-07-22', '10:31:48', 'Canceled', 27, 16),
(618, '2019-07-15', '14:05:56', 'Succeeded', 22, 1),
(619, '2005-09-21', '17:26:17', 'Canceled', 15, 22),
(620, '2016-12-01', '16:07:40', 'Failed', 24, 42),
(621, '2025-06-22', '16:55:41', 'Succeeded', 9, 26),
(622, '2012-02-19', '18:32:16', 'Pending', 38, 18),
(623, '2009-07-21', '11:23:27', 'Pending', 2, 48),
(624, '2019-01-06', '18:03:11', 'Pending', 21, 21),
(625, '2010-01-12', '15:55:35', 'Succeeded', 41, 39),
(626, '2010-06-13', '09:30:08', 'Canceled', 49, 22),
(627, '2005-09-14', '14:29:26', 'Succeeded', 23, 14),
(628, '2021-05-25', '13:06:00', 'Pending', 38, 10),
(629, '2025-07-25', '15:29:31', 'Pending', 32, 43),
(630, '2024-01-16', '17:26:58', 'Pending', 28, 14),
(633, '2011-11-16', '08:13:46', 'Canceled', 34, 15),
(634, '2021-06-28', '14:48:57', 'Canceled', 41, 24),
(635, '2005-08-03', '13:43:23', 'Canceled', 13, 25),
(636, '2021-03-28', '13:13:18', 'Canceled', 16, 35),
(637, '2020-06-21', '14:57:55', 'Failed', 2, 25),
(638, '2012-01-18', '12:40:13', 'Succeeded', 6, 14),
(639, '2013-05-28', '09:48:01', 'Failed', 47, 1),
(640, '2020-06-15', '09:27:31', 'Canceled', 34, 5),
(641, '2009-11-27', '17:27:12', 'Canceled', 29, 26),
(642, '2020-08-11', '18:53:07', 'Succeeded', 20, 42),
(643, '2021-05-11', '18:58:04', 'Succeeded', 31, 45),
(644, '2014-03-25', '09:28:28', 'Failed', 16, 41),
(645, '2004-03-16', '14:12:38', 'Pending', 13, 47),
(646, '2019-07-25', '14:14:26', 'Canceled', 23, 5),
(647, '2022-08-12', '18:07:10', 'Pending', 12, 42),
(648, '2012-11-02', '16:11:29', 'Canceled', 50, 32),
(649, '2017-08-05', '13:05:56', 'Pending', 5, 18),
(650, '2021-08-19', '16:52:24', 'Failed', 17, 39),
(651, '2011-07-01', '15:57:25', 'Succeeded', 41, 27),
(652, '2024-07-21', '11:29:34', 'Failed', 22, 5),
(653, '2004-11-26', '14:59:15', 'Succeeded', 38, 35),
(654, '2017-06-25', '12:34:36', 'Succeeded', 13, 46),
(655, '2005-02-11', '14:31:18', 'Succeeded', 21, 47),
(656, '2022-03-10', '13:07:04', 'Canceled', 49, 7),
(657, '2015-11-29', '12:29:11', 'Failed', 14, 14),
(658, '2004-03-29', '14:50:52', 'Succeeded', 11, 43),
(659, '2022-08-30', '14:39:14', 'Canceled', 4, 26),
(660, '2019-12-21', '18:32:47', 'Failed', 19, 49),
(661, '2009-12-21', '14:05:52', 'Canceled', 33, 49),
(662, '2008-03-06', '11:37:48', 'Failed', 21, 42),
(663, '2021-05-15', '08:34:35', 'Failed', 13, 43),
(664, '2007-06-14', '13:49:52', 'Succeeded', 19, 37),
(665, '2018-06-22', '16:13:08', 'Pending', 2, 3),
(666, '2018-07-06', '13:01:47', 'Failed', 22, 47),
(667, '2020-10-27', '12:06:24', 'Canceled', 41, 24),
(668, '2021-08-26', '14:53:30', 'Failed', 31, 37),
(669, '2007-12-27', '15:45:09', 'Pending', 32, 10),
(670, '2017-01-10', '10:57:55', 'Succeeded', 19, 34),
(671, '2011-11-08', '17:29:31', 'Succeeded', 1, 26),
(672, '2021-09-05', '16:01:27', 'Pending', 30, 18),
(673, '2009-12-15', '11:08:32', 'Pending', 1, 39),
(674, '2005-10-15', '11:15:28', 'Canceled', 28, 17),
(675, '2005-11-06', '18:47:11', 'Canceled', 43, 49),
(676, '2019-06-05', '12:48:57', 'Failed', 2, 14),
(677, '2006-11-04', '16:20:40', 'Failed', 6, 21),
(678, '2009-04-03', '16:48:38', 'Failed', 36, 11),
(679, '2022-09-06', '11:52:34', 'Succeeded', 15, 31),
(680, '2007-10-09', '15:51:41', 'Pending', 26, 34),
(681, '2020-09-09', '15:18:30', 'Succeeded', 17, 32),
(682, '2015-04-19', '10:13:00', 'Pending', 39, 5),
(683, '2024-07-12', '17:10:12', 'Succeeded', 32, 26),
(684, '2024-04-13', '16:20:53', 'Failed', 12, 39),
(685, '2010-07-08', '13:06:51', 'Pending', 44, 30),
(686, '2004-07-20', '15:22:13', 'Canceled', 18, 32),
(687, '2013-08-31', '17:20:19', 'Failed', 20, 15),
(688, '2018-04-12', '15:03:53', 'Failed', 32, 42),
(689, '2009-10-25', '14:31:27', 'Succeeded', 32, 49),
(690, '2006-09-08', '12:45:45', 'Failed', 9, 4),
(691, '2024-04-17', '17:26:41', 'Canceled', 48, 4),
(692, '2019-11-20', '10:42:47', 'Failed', 39, 7),
(693, '2005-06-28', '10:53:21', 'Canceled', 17, 31),
(694, '2016-02-06', '12:24:29', 'Succeeded', 24, 45),
(695, '2011-09-18', '14:18:24', 'Pending', 36, 10),
(696, '2012-01-25', '13:56:52', 'Pending', 20, 38),
(697, '2023-04-09', '16:04:22', 'Failed', 21, 44),
(698, '2005-07-19', '11:05:40', 'Pending', 1, 25),
(699, '2015-12-19', '10:13:11', 'Failed', 2, 23),
(700, '2011-03-14', '18:29:55', 'Succeeded', 27, 4),
(701, '2021-03-07', '15:45:51', 'Canceled', 2, 28),
(702, '2003-03-04', '18:40:06', 'Pending', 15, 31),
(703, '2005-07-28', '10:00:24', 'Succeeded', 9, 39),
(704, '2025-09-19', '11:53:44', 'Failed', 46, 4),
(705, '2005-10-22', '08:14:38', 'Pending', 43, 33),
(706, '2023-04-22', '17:53:00', 'Pending', 3, 37),
(707, '2024-09-19', '10:59:25', 'Failed', 22, 9),
(708, '2016-01-23', '09:14:57', 'Canceled', 15, 18),
(709, '2003-07-31', '12:02:19', 'Canceled', 23, 32),
(710, '2019-05-24', '09:37:55', 'Canceled', 27, 16),
(711, '2006-04-06', '16:52:12', 'Canceled', 2, 43),
(712, '2012-05-24', '18:34:42', 'Succeeded', 21, 27),
(713, '2007-08-01', '08:18:11', 'Pending', 29, 11),
(714, '2003-03-03', '09:38:20', 'Canceled', 1, 23),
(715, '2024-02-03', '10:50:23', 'Failed', 17, 48),
(716, '2017-03-30', '08:19:11', 'Pending', 34, 35),
(717, '2014-03-29', '18:13:25', 'Canceled', 24, 26),
(718, '2011-12-29', '16:46:09', 'Pending', 7, 3),
(719, '2019-05-19', '11:28:25', 'Canceled', 48, 2),
(720, '2014-06-18', '11:38:29', 'Failed', 49, 19),
(721, '2013-06-28', '17:04:13', 'Failed', 18, 4),
(723, '2005-12-31', '17:25:57', 'Failed', 10, 36),
(724, '2014-09-23', '12:53:51', 'Succeeded', 46, 30),
(725, '2008-10-24', '15:44:37', 'Pending', 41, 47),
(726, '2019-01-05', '12:38:05', 'Failed', 50, 41),
(727, '2016-01-04', '17:14:01', 'Canceled', 26, 9),
(728, '2007-11-14', '14:48:50', 'Canceled', 49, 22),
(729, '2018-10-06', '09:57:48', 'Pending', 18, 4),
(730, '2003-01-16', '09:30:08', 'Pending', 38, 44),
(731, '2003-03-25', '13:35:51', 'Failed', 43, 43),
(732, '2018-05-13', '15:17:32', 'Succeeded', 39, 15),
(733, '2004-06-01', '16:46:14', 'Canceled', 15, 34),
(734, '2012-07-08', '08:13:58', 'Succeeded', 41, 44),
(735, '2004-06-10', '13:53:13', 'Succeeded', 4, 19),
(736, '2022-04-11', '11:06:05', 'Succeeded', 4, 8),
(737, '2006-02-18', '11:28:11', 'Pending', 27, 20),
(738, '2016-10-24', '15:09:26', 'Succeeded', 27, 5),
(739, '2014-04-15', '08:17:28', 'Canceled', 14, 13),
(740, '2010-01-07', '15:44:29', 'Pending', 44, 48),
(741, '2025-06-15', '15:26:03', 'Pending', 1, 19),
(742, '2006-10-10', '16:37:52', 'Succeeded', 23, 30),
(743, '2023-03-04', '08:04:09', 'Succeeded', 23, 41),
(744, '2003-11-15', '16:11:35', 'Failed', 36, 9),
(745, '2017-08-07', '16:27:37', 'Succeeded', 24, 11),
(746, '2012-10-28', '18:07:27', 'Canceled', 42, 29),
(747, '2009-07-27', '13:27:07', 'Pending', 34, 42),
(748, '2018-09-27', '16:24:04', 'Failed', 29, 46),
(749, '2013-05-05', '12:51:47', 'Canceled', 22, 5),
(750, '2022-02-05', '10:34:09', 'Failed', 6, 10),
(751, '2019-10-13', '11:37:54', 'Canceled', 39, 13),
(752, '2013-08-04', '10:07:52', 'Succeeded', 8, 23),
(753, '2008-01-18', '17:56:26', 'Pending', 27, 23),
(754, '2020-09-02', '12:57:58', 'Pending', 20, 33),
(755, '2016-06-15', '13:14:43', 'Failed', 2, 34),
(756, '2009-04-06', '08:26:40', 'Canceled', 34, 16),
(757, '2008-08-16', '09:39:23', 'Failed', 33, 15),
(758, '2022-12-11', '17:14:18', 'Canceled', 31, 20),
(759, '2005-02-06', '16:56:13', 'Pending', 47, 37),
(760, '2013-01-21', '13:40:36', 'Succeeded', 44, 12),
(761, '2008-10-03', '18:16:20', 'Failed', 10, 23),
(762, '2012-04-03', '10:40:36', 'Pending', 29, 3),
(763, '2004-03-22', '09:22:31', 'Succeeded', 22, 13),
(764, '2016-02-16', '17:39:14', 'Succeeded', 14, 23),
(765, '2010-08-25', '16:45:31', 'Failed', 42, 39),
(766, '2017-10-01', '18:03:05', 'Pending', 11, 48),
(767, '2019-09-17', '16:19:25', 'Canceled', 32, 13),
(769, '2009-04-22', '09:08:54', 'Pending', 11, 36),
(770, '2024-02-07', '14:31:31', 'Pending', 22, 10),
(771, '2021-09-02', '16:32:47', 'Canceled', 4, 46),
(772, '2022-10-15', '09:41:20', 'Succeeded', 3, 29),
(773, '2021-10-16', '16:16:58', 'Failed', 33, 49),
(774, '2007-04-06', '11:00:37', 'Canceled', 29, 42),
(775, '2017-05-08', '14:46:07', 'Succeeded', 18, 15),
(776, '2009-12-21', '12:16:14', 'Canceled', 3, 14),
(777, '2022-04-24', '11:03:12', 'Failed', 1, 24),
(778, '2009-11-21', '13:56:31', 'Canceled', 24, 44),
(779, '2004-05-26', '17:53:30', 'Failed', 8, 32),
(780, '2011-07-11', '08:00:18', 'Pending', 25, 46),
(781, '2010-06-06', '12:24:30', 'Canceled', 22, 16),
(782, '2005-01-30', '10:02:56', 'Canceled', 36, 6),
(783, '2003-09-18', '13:21:49', 'Failed', 3, 6),
(784, '2024-11-02', '10:36:49', 'Failed', 9, 11),
(785, '2015-02-02', '14:41:52', 'Canceled', 32, 41),
(786, '2024-03-20', '14:37:17', 'Canceled', 11, 30),
(787, '2021-03-31', '12:22:19', 'Succeeded', 40, 23),
(788, '2018-07-20', '12:31:28', 'Canceled', 28, 42),
(789, '2022-06-09', '11:30:15', 'Canceled', 37, 44),
(790, '2013-03-14', '10:08:57', 'Failed', 28, 32),
(791, '2005-02-24', '12:25:01', 'Failed', 34, 34),
(792, '2022-08-14', '09:50:49', 'Failed', 49, 22),
(793, '2011-07-08', '16:23:04', 'Pending', 14, 19),
(794, '2007-10-13', '13:13:02', 'Canceled', 34, 11),
(795, '2013-07-23', '17:16:56', 'Pending', 30, 3),
(796, '2023-03-04', '17:06:19', 'Canceled', 31, 16),
(797, '2019-11-18', '17:09:01', 'Pending', 9, 42),
(798, '2016-03-24', '14:18:17', 'Succeeded', 18, 44),
(799, '2013-05-19', '08:17:48', 'Failed', 46, 34),
(801, '2023-12-11', '08:00:00', 'Failed', 51, 54);

--
-- Triggers `appointments`
--
DELIMITER $$
CREATE TRIGGER `AStatus_to_Pending_Canceled` AFTER UPDATE ON `appointments` FOR EACH ROW BEGIN
    IF NEW.AStatus <> OLD.AStatus THEN
        IF NEW.AStatus IN ('Pending', 'Canceled') THEN
            -- Insert a notification into the Notifications table
            INSERT INTO Notifications (Reason, NStatus, AppointmentID)
            VALUES (CONCAT('ToDoctor'),
                    'Yet',
                    NEW.AppointmentID);
        END IF;
    END IF;
END
$$
DELIMITER ;
DELIMITER $$
CREATE TRIGGER `AStatus_to_Succeeded_Doctors` AFTER UPDATE ON `appointments` FOR EACH ROW BEGIN
    IF NEW.AStatus <> OLD.AStatus THEN
        IF NEW.AStatus IN ('Succeeded') THEN
            -- Insert a notification into the Notifications table
            INSERT INTO Notifications (Reason, NStatus, AppointmentID)
            VALUES (CONCAT('TimeD'),
                    'Yet',
                    NEW.AppointmentID);
        END IF;
    END IF;
END
$$
DELIMITER ;
DELIMITER $$
CREATE TRIGGER `AStatus_to_Succeeded_Failed` AFTER UPDATE ON `appointments` FOR EACH ROW BEGIN
    IF NEW.AStatus <> OLD.AStatus THEN
        -- Check if the AStatus is "Succeeded" or "Failed"
        IF NEW.AStatus IN ('Succeeded', 'Failed') THEN
            -- Insert a notification into the Notifications table
            INSERT INTO Notifications (Reason, NStatus, AppointmentID)
            VALUES (CONCAT('ToPatient'),
                    'Yet',
                    NEW.AppointmentID);
        END IF;
    END IF;
END
$$
DELIMITER ;
DELIMITER $$
CREATE TRIGGER `AStatus_to_Succeeded_Patients` AFTER UPDATE ON `appointments` FOR EACH ROW BEGIN
    IF NEW.AStatus <> OLD.AStatus THEN
        IF NEW.AStatus IN ('Succeeded') THEN
            -- Insert a notification into the Notifications table
            INSERT INTO Notifications (Reason, NStatus, AppointmentID)
            VALUES (CONCAT('TimeP'),
                    'Yet',
                    NEW.AppointmentID);
        END IF;
    END IF;
END
$$
DELIMITER ;

-- --------------------------------------------------------

--
-- Table structure for table `departments`
--

CREATE TABLE `departments` (
  `DepartmentID` int(11) NOT NULL,
  `DptName` varchar(50) NOT NULL,
  `Description` varchar(150) DEFAULT NULL
) ENGINE=InnoDB DEFAULT CHARSET=utf8mb4 COLLATE=utf8mb4_bin;

--
-- Dumping data for table `departments`
--

INSERT INTO `departments` (`DepartmentID`, `DptName`, `Description`) VALUES
(1, 'Cardiology', 'pede ac diam cras pellentesque volutpat'),
(2, 'Orthopedics', 'nec molestie sed'),
(3, 'Neurology', 'sit amet consectetuer adipiscing'),
(4, 'Pediatrics', 'pede justo eu massa donec'),
(5, 'Oncology', 'integer ac neque'),
(6, 'Gastroenterology', 'elit sodales scelerisque mauris sit'),
(7, 'Dermatology', 'lobortis ligula sit'),
(8, 'Radiology', 'sollicitudin vitae consectetuer eget rutrum'),
(9, 'Anesthesiology', 'ut massa quis augue luctus'),
(10, 'Urology', 'lectus vestibulum quam');

-- --------------------------------------------------------

--
-- Table structure for table `doctors`
--

CREATE TABLE `doctors` (
  `DoctorID` int(11) NOT NULL,
  `DName` varchar(50) NOT NULL,
  `DTelephoneNo` char(12) NOT NULL,
  `Specialization` varchar(50) NOT NULL,
  `DepartmentID` int(11) NOT NULL,
  `AccountID` int(11) NOT NULL
) ENGINE=InnoDB DEFAULT CHARSET=utf8mb4 COLLATE=utf8mb4_bin;

--
-- Dumping data for table `doctors`
--

INSERT INTO `doctors` (`DoctorID`, `DName`, `DTelephoneNo`, `Specialization`, `DepartmentID`, `AccountID`) VALUES
(1, 'Matty', '786-4937032', 'Internal Medicine', 2, 51),
(2, 'Tobias', '098-9965137', 'Dermatology', 2, 52),
(3, 'Sayre', '427-9877208', 'Cardiology', 5, 53),
(4, 'Kean', '305-0502220', 'Orthopedics', 9, 54),
(5, 'Arley', '183-8827874', 'Internal Medicine', 4, 55),
(6, 'Aymer', '168-5068628', 'Cardiology', 7, 56),
(7, 'Derick', '726-1762635', 'Dermatology', 3, 57),
(8, 'Gale', '783-1602654', 'Internal Medicine', 9, 58),
(9, 'Duff', '826-3709310', 'Cardiology', 10, 59),
(10, 'Harley', '335-1932563', 'Neurology', 1, 60),
(11, 'Claus', '348-6490213', 'Neurology', 4, 61),
(12, 'Quinton', '167-8162012', 'Neurology', 1, 62),
(13, 'Chariot', '383-9687935', 'Internal Medicine', 2, 63),
(14, 'Cyrillus', '441-6548298', 'Orthopedics', 1, 64),
(15, 'Leeland', '924-0413864', 'Neurology', 4, 65),
(16, 'Richmound', '161-1844168', 'Dermatology', 3, 66),
(17, 'Forester', '814-3170201', 'Dermatology', 9, 67),
(18, 'Alec', '989-2252954', 'Orthopedics', 9, 68),
(19, 'Tomas', '115-4454484', 'Internal Medicine', 5, 69),
(20, 'Murry', '096-4096385', 'Dermatology', 6, 70),
(21, 'Rodney', '511-7441895', 'Dermatology', 7, 71),
(22, 'Huntlee', '070-9174704', 'Dermatology', 8, 72),
(23, 'Garwin', '479-9784448', 'Neurology', 7, 73),
(24, 'Hillie', '663-2811968', 'Dermatology', 4, 74),
(25, 'Eugen', '840-6806824', 'Internal Medicine', 3, 75),
(26, 'Evelin', '956-4219883', 'Neurology', 3, 76),
(27, 'Nikolaos', '149-6379194', 'Dermatology', 6, 77),
(28, 'Delainey', '643-8027560', 'Neurology', 4, 78),
(29, 'Kennie', '533-1722920', 'Cardiology', 9, 79),
(30, 'Aubert', '592-1315095', 'Orthopedics', 6, 80),
(31, 'Wilfred', '206-0954248', 'Neurology', 4, 81),
(32, 'Barnett', '264-8633822', 'Internal Medicine', 2, 82),
(33, 'Carter', '036-7112916', 'Cardiology', 5, 83),
(34, 'Trip', '828-9430171', 'Neurology', 10, 84),
(35, 'Connor', '145-4963758', 'Neurology', 4, 85),
(36, 'Sandor', '053-0150546', 'Orthopedics', 8, 86),
(37, 'Jamil', '196-4198761', 'Neurology', 4, 87),
(38, 'Nevin', '488-1406931', 'Neurology', 4, 88),
(39, 'Krisha', '978-8818648', 'Orthopedics', 7, 89),
(40, 'Randi', '140-0041324', 'Neurology', 5, 90),
(41, 'Ragnar', '606-6421110', 'Neurology', 7, 91),
(42, 'Granville', '516-3450505', 'Cardiology', 7, 92),
(43, 'Benito', '082-0560623', 'Cardiology', 8, 93),
(44, 'Timmie', '837-4438734', 'Dermatology', 10, 94),
(45, 'Hercule', '990-3217036', 'Internal Medicine', 6, 95),
(46, 'Axe', '846-7648941', 'Orthopedics', 9, 96),
(47, 'Benjie', '691-2106273', 'Dermatology', 7, 97),
(48, 'Currey', '548-3950995', 'Dermatology', 7, 98),
(49, 'Reinhard', '059-7365175', 'Dermatology', 3, 99),
(50, '123', '123-1231323', 'test', 7, 101),
(51, 'test', '012-3345789', 'Test', 1, 100),
(54, 'test', '124-1567456', 'Test', 1, 100);

-- --------------------------------------------------------

--
-- Table structure for table `feedback`
--

CREATE TABLE `feedback` (
  `FeedbackID` int(11) NOT NULL,
  `Ratings` int(11) NOT NULL,
  `Comments` varchar(1000) DEFAULT NULL,
  `FDate` date NOT NULL,
  `PatientID` int(11) NOT NULL,
  `DoctorID` int(11) NOT NULL
) ENGINE=InnoDB DEFAULT CHARSET=utf8mb4 COLLATE=utf8mb4_bin;

--
-- Dumping data for table `feedback`
--

INSERT INTO `feedback` (`FeedbackID`, `Ratings`, `Comments`, `FDate`, `PatientID`, `DoctorID`) VALUES
(1, 4, 'ante vel ipsum praesent', '2023-11-10', 2, 32),
(2, 5, 'amet eros suspendisse accumsan', '2023-02-03', 34, 28),
(3, 1, 'turpis donec', '2023-06-21', 10, 17),
(4, 4, 'id pretium iaculis diam', '2023-07-14', 10, 30),
(5, 4, 'vel accumsan tellus nisi', '2023-08-13', 13, 33),
(6, 4, 'cursus vestibulum proin eu', '2023-12-13', 44, 23),
(7, 4, 'maecenas leo', '2023-06-30', 6, 3),
(8, 3, 'cras in purus eu', '2023-05-29', 30, 8),
(9, 5, 'proin interdum mauris non', '2023-03-05', 24, 20),
(10, 5, 'diam nam tristique tortor', '2023-05-05', 29, 33),
(11, 2, 'tristique in', '2023-02-27', 18, 14),
(12, 4, 'justo morbi', '2023-11-09', 23, 4),
(13, 4, 'ante ipsum primis', '2023-04-27', 34, 28),
(14, 5, 'interdum in ante vestibulum', '2023-10-07', 41, 40),
(15, 5, 'vel nisl duis', '2023-04-15', 22, 15),
(16, 3, 'sapien varius ut', '2023-06-06', 34, 48),
(17, 4, 'diam nam', '2023-09-01', 49, 23),
(18, 2, 'magna at nunc', '2023-12-17', 16, 17),
(19, 5, 'sollicitudin vitae consectetuer', '2023-06-21', 13, 20),
(20, 4, 'nulla nisl', '2023-06-28', 45, 20),
(21, 4, 'tristique in tempus sit', '2023-08-26', 48, 42),
(22, 2, 'sapien cursus', '2023-02-18', 4, 16),
(23, 1, 'platea dictumst', '2023-10-25', 48, 14),
(24, 1, 'aliquam quis turpis eget', '2023-08-18', 3, 14),
(25, 1, 'orci luctus et', '2023-12-24', 34, 31),
(26, 4, 'molestie hendrerit', '2023-10-08', 2, 15),
(27, 5, 'quam fringilla rhoncus mauris', '2023-12-13', 50, 44),
(28, 2, 'amet eros', '2023-07-11', 31, 30),
(29, 1, 'neque vestibulum', '2023-02-15', 44, 6),
(30, 4, 'morbi odio', '2023-01-07', 46, 47),
(31, 1, 'nulla suspendisse potenti', '2023-02-20', 37, 15),
(32, 5, 'sit amet lobortis sapien', '2023-01-24', 49, 40),
(33, 3, 'eleifend pede', '2023-07-03', 21, 4),
(34, 4, 'nunc purus', '2023-03-29', 13, 28),
(35, 1, 'sit amet consectetuer', '2023-01-08', 6, 23),
(36, 1, 'est quam pharetra', '2023-10-17', 35, 32),
(37, 5, 'odio justo sollicitudin', '2023-06-23', 33, 24),
(38, 3, 'lobortis sapien sapien non', '2023-11-17', 17, 29),
(39, 1, 'id ornare imperdiet', '2023-02-26', 26, 50),
(40, 3, 'phasellus sit amet', '2023-12-28', 48, 47),
(41, 5, 'cubilia curae donec', '2023-04-30', 31, 8),
(42, 2, 'nulla nisl nunc nisl', '2023-12-07', 16, 27),
(43, 2, 'habitasse platea', '2023-08-24', 27, 27),
(44, 1, 'sapien cursus vestibulum', '2023-12-13', 17, 10),
(45, 2, 'curae donec pharetra', '2023-04-01', 41, 34),
(46, 2, 'congue elementum', '2023-04-08', 31, 34),
(47, 5, 'ut massa', '2023-07-15', 38, 12),
(48, 1, 'sit amet', '2023-02-05', 20, 35),
(49, 4, 'quam a odio in', '2023-10-08', 19, 25),
(50, 3, 'dolor quis odio', '2023-12-21', 5, 16),
(51, 4, 'porttitor lacus', '2023-10-21', 24, 41),
(52, 5, 'nulla tellus in', '2023-08-24', 41, 13),
(53, 3, 'tristique tortor eu pede', '2023-12-25', 13, 14),
(54, 5, 'curae donec', '2023-07-01', 32, 27),
(55, 1, 'rutrum rutrum neque', '2023-09-28', 21, 15),
(56, 2, 'fermentum justo nec condimentum', '2023-11-28', 21, 44),
(57, 2, 'tincidunt eget tempus', '2023-06-24', 33, 16),
(58, 4, 'duis mattis', '2023-05-08', 6, 31),
(59, 4, 'ut rhoncus', '2023-08-04', 46, 26),
(60, 2, 'neque libero convallis eget', '2023-05-04', 30, 36),
(61, 3, 'aenean sit amet', '2023-03-08', 48, 17),
(62, 3, 'sem mauris laoreet ut', '2023-12-16', 7, 42),
(63, 2, 'dui vel nisl', '2023-06-13', 40, 21),
(64, 2, 'non interdum in', '2023-04-25', 36, 23),
(65, 3, 'consectetuer eget rutrum at', '2023-09-11', 44, 50),
(66, 5, 'nisi vulputate nonummy', '2023-09-20', 1, 6),
(67, 3, 'augue quam sollicitudin vitae', '2023-10-10', 34, 29),
(68, 5, 'dis parturient', '2023-10-19', 47, 19),
(69, 4, 'sapien non mi', '2023-05-02', 20, 11),
(70, 3, 'maecenas pulvinar lobortis est', '2023-12-03', 5, 10),
(71, 3, 'vulputate luctus cum sociis', '2023-07-05', 24, 25),
(72, 1, 'vestibulum vestibulum', '2023-08-14', 49, 31),
(73, 2, 'elementum eu interdum', '2023-12-19', 4, 19),
(74, 2, 'sed tincidunt eu', '2023-01-30', 5, 18),
(75, 4, 'pede venenatis', '2023-01-24', 12, 1),
(76, 2, 'a ipsum', '2023-02-07', 31, 6),
(77, 4, 'luctus et ultrices posuere', '2023-07-27', 42, 17),
(78, 4, 'rhoncus aliquam', '2023-10-29', 32, 6),
(79, 1, 'in hac', '2023-11-13', 2, 18),
(80, 3, 'erat fermentum justo', '2023-01-19', 35, 18),
(81, 2, 'quis tortor', '2023-08-20', 12, 22),
(82, 5, 'orci luctus et', '2023-01-05', 17, 40),
(83, 5, 'volutpat quam', '2023-04-29', 14, 7),
(84, 3, 'luctus nec molestie sed', '2023-01-12', 15, 37),
(85, 5, 'sollicitudin mi sit amet', '2023-09-30', 42, 31),
(86, 3, 'pulvinar nulla pede', '2023-09-01', 28, 17),
(87, 3, 'orci pede venenatis', '2023-01-18', 22, 36),
(88, 2, 'non pretium quis', '2023-08-29', 10, 25),
(89, 3, 'turpis a', '2023-09-15', 16, 38),
(90, 3, 'aenean fermentum donec ut', '2023-10-07', 3, 30),
(91, 2, 'sapien arcu sed augue', '2023-01-05', 41, 16),
(92, 2, 'est phasellus sit amet', '2023-05-01', 27, 1),
(93, 3, 'lectus in quam', '2023-01-12', 9, 29),
(94, 1, 'hac habitasse', '2023-08-12', 41, 33),
(95, 2, 'non mattis pulvinar', '2023-12-22', 28, 16),
(96, 1, 'vel enim sit', '2023-05-23', 14, 39),
(97, 4, 'duis mattis egestas metus', '2023-01-05', 26, 48),
(98, 3, 'eros suspendisse accumsan', '2023-10-02', 8, 35),
(99, 1, 'velit id pretium', '2023-11-06', 34, 20),
(100, 1, 'sodales scelerisque mauris sit', '2023-12-06', 10, 34),
(101, 4, 'aliquet at feugiat', '2023-08-02', 37, 43),
(102, 5, 'amet sapien dignissim', '2023-03-18', 30, 41),
(103, 1, 'velit vivamus vel nulla', '2023-09-18', 22, 18),
(104, 3, 'erat quisque erat', '2023-07-10', 19, 44),
(105, 2, 'dui luctus', '2023-04-12', 4, 24),
(106, 2, 'pellentesque quisque porta volutpat', '2023-02-21', 7, 33),
(107, 3, 'fusce consequat nulla nisl', '2023-12-30', 8, 43),
(108, 5, 'volutpat dui maecenas', '2023-06-24', 25, 26),
(109, 1, 'massa id lobortis', '2023-03-21', 18, 21),
(110, 4, 'lectus pellentesque', '2023-10-22', 33, 44),
(111, 2, 'neque aenean auctor gravida', '2023-11-15', 32, 48),
(112, 1, 'luctus rutrum nulla', '2023-08-01', 14, 21),
(113, 1, 'consequat dui nec nisi', '2023-09-20', 10, 45),
(114, 1, 'nulla nunc', '2023-11-17', 13, 18),
(115, 5, 'dapibus dolor vel est', '2023-05-11', 50, 13),
(116, 4, 'condimentum neque sapien placerat', '2023-08-27', 45, 50),
(117, 4, 'odio elementum eu interdum', '2023-04-11', 10, 14),
(118, 3, 'velit vivamus vel nulla', '2023-05-26', 25, 3),
(119, 1, 'libero nullam', '2023-12-15', 4, 26),
(120, 2, 'integer pede justo', '2023-12-17', 32, 9),
(121, 3, 'donec vitae', '2023-12-27', 7, 15),
(122, 5, 'iaculis justo in', '2023-03-06', 15, 15),
(123, 1, 'amet sapien dignissim vestibulum', '2023-12-06', 38, 4),
(124, 3, 'sed interdum', '2023-06-22', 48, 17),
(125, 2, 'in faucibus', '2023-02-18', 25, 34),
(126, 2, 'at turpis donec', '2023-12-22', 43, 38),
(127, 4, 'turpis sed ante', '2023-03-28', 37, 22),
(128, 2, 'eget orci vehicula', '2023-04-12', 36, 1),
(129, 3, 'ante ipsum', '2023-01-21', 17, 10),
(130, 3, 'nibh in', '2023-10-19', 34, 15),
(131, 2, 'sem praesent id', '2023-02-17', 38, 13),
(132, 5, 'vivamus vestibulum sagittis sapien', '2023-09-12', 34, 41),
(133, 5, 'diam nam tristique', '2023-05-10', 19, 21),
(134, 3, 'est lacinia nisi venenatis', '2023-05-08', 26, 27),
(135, 3, 'sem fusce consequat', '2023-12-19', 32, 1),
(136, 4, 'nisi vulputate nonummy', '2023-10-24', 16, 24),
(137, 4, 'leo odio condimentum id', '2023-08-13', 10, 40),
(138, 2, 'rhoncus sed vestibulum sit', '2023-03-18', 13, 24),
(139, 4, 'id nisl venenatis', '2023-01-03', 24, 46),
(140, 3, 'pellentesque ultrices mattis odio', '2023-08-14', 39, 29),
(141, 2, 'aliquam non', '2023-05-25', 30, 12),
(142, 1, 'augue quam sollicitudin vitae', '2023-06-10', 18, 2),
(143, 5, 'etiam vel augue', '2023-09-27', 48, 2),
(144, 3, 'quisque porta volutpat erat', '2023-12-01', 8, 9),
(145, 4, 'nisi volutpat', '2023-12-17', 3, 45),
(146, 2, 'duis faucibus accumsan', '2023-11-17', 33, 46),
(147, 2, 'curabitur in libero ut', '2023-09-26', 30, 16),
(148, 2, 'hac habitasse platea', '2023-12-23', 30, 20),
(149, 3, 'sed ante vivamus tortor', '2023-03-20', 6, 49),
(150, 5, 'et ultrices posuere', '2023-12-12', 20, 25),
(151, 1, 'varius ut', '2023-04-02', 44, 40),
(152, 4, 'vulputate luctus', '2023-03-26', 27, 18),
(153, 5, 'lobortis sapien', '2023-06-29', 18, 24),
(154, 4, 'sit amet', '2023-11-07', 26, 9),
(155, 3, 'donec odio justo sollicitudin', '2023-12-21', 44, 45),
(156, 1, 'nascetur ridiculus mus vivamus', '2023-05-28', 38, 49),
(157, 5, 'praesent lectus vestibulum', '2023-05-20', 12, 26),
(158, 5, 'elit proin', '2023-03-01', 18, 50),
(159, 5, 'volutpat eleifend', '2023-05-29', 48, 44),
(160, 4, 'dui maecenas tristique est', '2023-12-23', 30, 39),
(161, 4, 'ipsum praesent', '2023-11-10', 36, 33),
(162, 3, 'at turpis a', '2023-06-15', 31, 8),
(163, 3, 'nam dui proin leo', '2023-01-16', 20, 19),
(164, 3, 'velit id pretium iaculis', '2023-08-26', 6, 12),
(165, 1, 'quis odio', '2023-09-07', 22, 35),
(166, 5, 'a pede', '2023-02-17', 8, 9),
(167, 1, 'id lobortis', '2023-08-06', 49, 4),
(168, 3, 'odio cras mi pede', '2023-04-19', 27, 44),
(169, 1, 'non mauris morbi', '2023-12-19', 28, 23),
(170, 4, 'pede ullamcorper augue a', '2023-04-17', 26, 22),
(171, 3, 'lorem quisque ut', '2023-12-14', 10, 27),
(172, 1, 'purus eu magna vulputate', '2023-02-21', 16, 19),
(173, 5, 'dui proin leo', '2023-03-16', 27, 19),
(174, 5, 'donec pharetra magna', '2023-01-05', 33, 14),
(175, 5, 'sit amet', '2023-03-04', 25, 26),
(176, 4, 'lectus pellentesque', '2023-06-15', 22, 13),
(177, 4, 'sit amet', '2023-03-15', 44, 27),
(178, 5, 'amet diam in magna', '2023-09-05', 1, 34),
(179, 4, 'faucibus orci', '2023-01-22', 15, 31),
(180, 2, 'mauris eget', '2023-01-30', 49, 38),
(181, 1, 'cum sociis', '2023-01-07', 11, 27),
(182, 5, 'nisl ut', '2023-08-15', 43, 36),
(183, 4, 'in quam fringilla rhoncus', '2023-04-14', 18, 14),
(184, 4, 'blandit mi in porttitor', '2023-04-16', 37, 11),
(185, 3, 'tempor convallis nulla neque', '2023-05-14', 2, 35),
(186, 2, 'rhoncus aliquam lacus morbi', '2023-04-04', 16, 11),
(187, 5, 'vehicula consequat morbi a', '2023-09-06', 13, 50),
(188, 3, 'quisque ut', '2023-07-21', 1, 11),
(189, 5, 'sed vestibulum', '2023-10-12', 2, 35),
(190, 1, 'mauris laoreet ut rhoncus', '2023-07-15', 26, 40),
(191, 1, 'libero non', '2023-08-31', 39, 24),
(192, 3, 'blandit nam nulla', '2023-04-02', 1, 7),
(193, 1, 'pede ullamcorper', '2023-03-17', 25, 26),
(194, 4, 'faucibus orci luctus et', '2023-11-28', 20, 36),
(195, 3, 'posuere cubilia', '2023-12-05', 8, 13),
(196, 3, 'maecenas rhoncus aliquam lacus', '2023-10-12', 28, 7),
(197, 4, 'quis odio consequat', '2023-07-23', 38, 42),
(198, 3, 'aliquet massa id', '2023-05-14', 50, 46),
(199, 4, 'cum sociis', '2023-05-13', 16, 8),
(200, 3, 'dapibus dolor', '2023-12-22', 18, 47),
(201, 3, 'dictumst etiam faucibus cursus', '2023-09-24', 19, 32),
(202, 5, 'sit amet cursus', '2023-03-25', 44, 5),
(203, 3, 'lorem vitae mattis nibh', '2023-02-02', 21, 9),
(204, 1, 'dictumst etiam', '2023-11-24', 14, 32),
(205, 4, 'cursus urna ut', '2023-01-04', 33, 20),
(206, 2, 'elementum eu interdum eu', '2023-12-28', 17, 16),
(207, 3, 'dis parturient', '2023-06-05', 16, 20),
(208, 3, 'nonummy maecenas tincidunt lacus', '2023-12-07', 49, 50),
(209, 1, 'pharetra magna ac consequat', '2023-08-11', 34, 16),
(210, 2, 'urna pretium nisl', '2023-06-22', 41, 23),
(211, 4, 'nec euismod scelerisque', '2023-03-11', 10, 35),
(212, 3, 'convallis nulla', '2023-09-09', 8, 37),
(213, 3, 'quam pharetra', '2023-01-19', 32, 38),
(214, 4, 'eget congue', '2023-08-23', 2, 33),
(215, 4, 'convallis duis consequat dui', '2023-11-25', 40, 38),
(216, 1, 'leo maecenas', '2023-10-07', 33, 45),
(217, 3, 'rhoncus mauris', '2023-09-24', 31, 47),
(218, 4, 'nunc viverra dapibus nulla', '2023-10-20', 50, 8),
(219, 3, 'velit donec', '2023-08-16', 48, 47),
(220, 1, 'cubilia curae duis faucibus', '2023-07-19', 4, 21),
(221, 3, 'ut dolor morbi', '2023-03-03', 18, 30),
(222, 2, 'vestibulum aliquet', '2023-07-31', 24, 33),
(223, 2, 'elit proin', '2023-07-17', 43, 42),
(224, 1, 'nulla suscipit ligula in', '2023-07-30', 6, 37),
(225, 5, 'fusce lacus purus aliquet', '2023-12-16', 2, 42),
(226, 3, 'varius integer ac', '2023-12-21', 25, 1),
(227, 5, 'vestibulum ante ipsum primis', '2023-03-25', 41, 38),
(228, 2, 'ligula suspendisse', '2023-03-24', 18, 39),
(229, 5, 'lacus at', '2023-01-04', 34, 34),
(230, 4, 'vel sem', '2023-06-29', 50, 3),
(231, 3, 'auctor gravida sem', '2023-07-29', 10, 28),
(232, 4, 'ut nunc vestibulum', '2023-10-25', 24, 31),
(233, 4, 'vestibulum vestibulum ante', '2023-11-29', 22, 2),
(234, 3, 'consectetuer eget', '2023-01-22', 40, 35),
(235, 5, 'orci mauris lacinia sapien', '2023-05-02', 16, 18),
(236, 5, 'vel dapibus at', '2023-03-31', 7, 43),
(237, 1, 'tempor convallis nulla', '2023-12-15', 37, 24),
(238, 5, 'interdum in', '2023-05-19', 13, 21),
(239, 4, 'ac neque duis bibendum', '2023-03-19', 22, 48),
(240, 1, 'nibh ligula nec sem', '2023-09-12', 5, 42),
(241, 1, 'potenti nullam', '2023-11-07', 22, 32),
(242, 4, 'consequat lectus', '2023-03-06', 41, 36),
(243, 3, 'aliquam sit amet diam', '2023-11-11', 10, 26),
(244, 4, 'nulla tellus in', '2023-03-11', 16, 21),
(245, 3, 'vestibulum aliquet ultrices', '2023-12-30', 49, 24),
(246, 3, 'felis donec', '2023-06-27', 29, 24),
(247, 5, 'luctus tincidunt nulla mollis', '2023-10-01', 38, 24),
(248, 3, 'proin risus praesent lectus', '2023-07-31', 10, 40),
(249, 5, 'duis consequat dui nec', '2023-04-26', 10, 14),
(250, 2, 'fusce consequat nulla', '2023-11-17', 4, 23),
(251, 2, 'sed interdum venenatis turpis', '2023-04-26', 6, 24),
(252, 1, 'non lectus aliquam', '2023-03-29', 22, 14),
(253, 5, 'justo maecenas rhoncus', '2023-06-29', 18, 40),
(254, 3, 'odio in', '2023-08-05', 32, 26),
(255, 4, 'tempor turpis nec euismod', '2023-11-17', 15, 17),
(256, 5, 'sit amet', '2023-07-13', 16, 23),
(257, 3, 'nunc viverra dapibus', '2023-05-13', 37, 46),
(258, 3, 'consequat varius integer', '2023-07-17', 2, 2),
(259, 4, 'augue luctus tincidunt', '2023-06-20', 43, 10),
(260, 1, 'sed ante vivamus', '2023-01-17', 16, 45),
(261, 2, 'eleifend luctus ultricies eu', '2023-12-12', 12, 33),
(262, 4, 'vestibulum eget vulputate ut', '2023-10-02', 29, 32),
(263, 2, 'mauris laoreet ut rhoncus', '2023-10-03', 45, 38),
(264, 4, 'integer ac', '2023-04-03', 47, 16),
(265, 2, 'ac lobortis vel dapibus', '2023-04-17', 4, 49),
(266, 2, 'dolor quis', '2023-05-11', 48, 14),
(267, 4, 'gravida sem', '2023-12-16', 28, 39),
(268, 1, 'sed vestibulum', '2023-11-29', 22, 22),
(269, 3, 'feugiat et eros', '2023-11-15', 4, 46),
(270, 5, 'ante vel', '2023-01-14', 20, 6),
(271, 5, 'nisi volutpat', '2023-11-08', 25, 29),
(272, 3, 'aliquet maecenas leo', '2023-02-22', 26, 1),
(273, 1, 'cursus vestibulum proin eu', '2023-08-25', 18, 39),
(274, 1, 'sit amet', '2023-10-17', 31, 5),
(275, 2, 'convallis nunc proin', '2023-02-05', 28, 42),
(276, 5, 'in hac', '2023-07-28', 20, 28),
(277, 4, 'dictumst morbi vestibulum', '2023-02-27', 1, 31),
(278, 2, 'sociis natoque penatibus et', '2023-07-05', 38, 47),
(279, 3, 'lectus pellentesque', '2023-09-04', 38, 7),
(280, 4, 'primis in', '2023-08-21', 2, 37),
(281, 1, 'aliquam sit amet diam', '2023-01-24', 16, 40),
(282, 5, 'lobortis sapien', '2023-11-17', 41, 12),
(283, 2, 'natoque penatibus et', '2023-09-25', 22, 22),
(284, 4, 'lectus vestibulum quam', '2023-08-14', 40, 21),
(285, 3, 'nibh fusce lacus purus', '2023-05-04', 29, 28),
(286, 1, 'id mauris vulputate', '2023-12-29', 10, 16),
(287, 2, 'suscipit nulla', '2023-01-17', 2, 9),
(288, 3, 'mauris lacinia sapien quis', '2023-01-02', 24, 17),
(289, 2, 'dui nec nisi volutpat', '2023-12-24', 22, 9),
(290, 1, 'leo pellentesque ultrices mattis', '2023-09-08', 8, 41),
(291, 4, 'sem mauris laoreet ut', '2023-06-02', 22, 34),
(292, 3, 'magnis dis parturient montes', '2023-03-25', 13, 33),
(293, 4, 'et magnis dis parturient', '2023-07-09', 7, 6),
(294, 1, 'etiam justo etiam', '2023-07-09', 24, 18),
(295, 4, 'quam nec dui luctus', '2023-06-28', 35, 48),
(296, 5, 'in sapien iaculis congue', '2023-02-26', 34, 44),
(297, 3, 'non velit donec', '2023-09-28', 6, 22),
(298, 2, 'nam tristique', '2023-10-20', 41, 40),
(299, 5, 'sapien dignissim vestibulum vestibulum', '2023-07-26', 10, 31),
(300, 4, 'nec sem duis aliquam', '2023-03-30', 50, 21),
(301, 5, 'mattis nibh', '2023-06-01', 45, 19),
(302, 4, 'egestas metus', '2023-10-17', 16, 13),
(303, 4, 'id pretium iaculis diam', '2023-06-16', 43, 8),
(304, 3, 'mi integer ac', '2023-11-03', 48, 11),
(305, 5, 'massa id nisl', '2023-04-20', 44, 28),
(306, 1, 'a odio in', '2023-02-14', 47, 29),
(307, 4, 'ligula pellentesque', '2023-07-24', 26, 3),
(308, 5, 'et ultrices posuere cubilia', '2023-03-05', 27, 16),
(309, 5, 'sed magna at', '2023-04-13', 48, 4),
(310, 1, 'lacinia nisi', '2023-09-30', 30, 7),
(311, 5, 'sit amet diam in', '2023-05-28', 12, 45),
(312, 4, 'in hac habitasse', '2023-10-02', 29, 2),
(313, 5, 'nulla facilisi', '2023-10-08', 4, 47),
(314, 2, 'mauris viverra diam vitae', '2023-03-30', 25, 17),
(315, 1, 'mattis egestas metus', '2023-01-13', 48, 18),
(316, 3, 'diam in', '2023-04-09', 45, 35),
(317, 5, 'morbi vestibulum velit id', '2023-02-01', 37, 38),
(318, 2, 'interdum mauris ullamcorper purus', '2023-01-20', 24, 40),
(319, 3, 'fusce lacus', '2023-08-13', 20, 3),
(320, 5, 'sed nisl nunc', '2023-06-21', 23, 23),
(321, 1, 'et commodo vulputate', '2023-09-26', 15, 33),
(322, 4, 'a nibh', '2023-08-22', 24, 33),
(323, 1, 'id sapien', '2023-08-13', 26, 26),
(324, 4, 'nunc commodo', '2023-01-27', 45, 47),
(325, 4, 'diam erat fermentum justo', '2023-01-08', 43, 30),
(326, 4, 'vel lectus', '2023-07-31', 4, 31),
(327, 5, 'dui nec nisi', '2023-01-02', 15, 16),
(328, 2, 'nullam molestie', '2023-12-02', 47, 23),
(329, 5, 'lacus at velit', '2023-11-25', 19, 18),
(330, 4, 'elit proin', '2023-06-22', 49, 14),
(331, 5, 'nisl venenatis lacinia aenean', '2023-06-07', 9, 43),
(332, 5, 'sapien arcu sed augue', '2023-01-27', 42, 2),
(333, 4, 'quis libero nullam sit', '2023-04-05', 3, 2),
(334, 3, 'eu mi nulla', '2023-07-22', 33, 12),
(335, 3, 'est donec odio', '2023-09-28', 8, 29),
(336, 3, 'sem sed sagittis nam', '2023-01-15', 6, 13),
(337, 5, 'magna vestibulum aliquet', '2023-10-29', 35, 46),
(338, 1, 'pretium iaculis justo in', '2023-09-13', 16, 16),
(339, 5, 'phasellus sit amet erat', '2023-02-19', 32, 40),
(340, 3, 'posuere metus', '2023-12-16', 5, 2),
(341, 4, 'tincidunt in leo maecenas', '2023-12-29', 50, 46),
(342, 1, 'in hac habitasse platea', '2023-06-22', 45, 23),
(343, 3, 'volutpat eleifend donec ut', '2023-03-10', 26, 24),
(344, 2, 'erat tortor sollicitudin', '2023-08-01', 15, 18),
(345, 1, 'ipsum primis', '2023-07-31', 2, 41),
(346, 4, 'et ultrices', '2023-10-20', 38, 6),
(347, 1, 'eget eros', '2023-05-01', 29, 33),
(348, 3, 'sem duis', '2023-08-26', 33, 18),
(349, 2, 'faucibus accumsan odio curabitur', '2023-12-13', 12, 27),
(350, 4, 'aliquet ultrices erat tortor', '2023-08-09', 20, 38),
(351, 3, 'iaculis congue vivamus', '2023-02-24', 36, 36),
(352, 5, 'erat vestibulum sed', '2023-04-05', 15, 24),
(353, 1, 'in blandit ultrices', '2023-02-23', 5, 5),
(354, 1, 'mi integer ac neque', '2023-01-17', 12, 22),
(355, 1, 'malesuada in', '2023-01-30', 17, 23),
(356, 4, 'praesent blandit lacinia erat', '2023-11-09', 41, 50),
(357, 2, 'vivamus in felis eu', '2023-01-31', 47, 10),
(358, 4, 'nulla neque libero convallis', '2023-05-16', 12, 36),
(359, 2, 'sit amet eleifend pede', '2023-01-08', 27, 35),
(360, 4, 'sit amet consectetuer adipiscing', '2023-09-02', 48, 19),
(361, 4, 'massa id lobortis convallis', '2023-01-08', 29, 34),
(362, 1, 'felis sed', '2023-10-17', 34, 40),
(363, 2, 'nunc vestibulum ante', '2023-02-19', 21, 38),
(364, 1, 'lorem quisque ut erat', '2023-05-24', 3, 22),
(365, 3, 'mauris lacinia sapien', '2023-07-27', 22, 10),
(366, 3, 'suspendisse accumsan', '2023-04-08', 23, 36),
(367, 2, 'nulla tempus vivamus in', '2023-03-22', 33, 31),
(368, 2, 'ipsum primis', '2023-11-06', 31, 10),
(369, 3, 'dui nec nisi', '2023-01-05', 4, 34),
(370, 2, 'penatibus et', '2023-01-25', 14, 49),
(371, 1, 'cras in purus eu', '2023-06-19', 30, 39),
(372, 1, 'eros viverra eget', '2023-04-09', 38, 21),
(373, 5, 'maecenas tincidunt lacus at', '2023-02-14', 8, 29),
(374, 3, 'massa donec', '2023-03-02', 35, 50),
(375, 5, 'nam congue risus', '2023-01-16', 12, 22),
(376, 4, 'et ultrices posuere', '2023-07-09', 34, 37),
(377, 1, 'sed vestibulum sit', '2023-04-19', 13, 18),
(378, 1, 'justo aliquam quis', '2023-01-29', 15, 29),
(379, 4, 'suscipit ligula', '2023-11-21', 22, 45),
(380, 4, 'dictumst morbi', '2023-03-11', 4, 26),
(381, 1, 'at vulputate', '2023-10-24', 29, 7),
(382, 1, 'tellus nulla ut erat', '2023-03-08', 22, 6),
(383, 2, 'elementum ligula', '2023-08-26', 2, 8),
(384, 2, 'turpis sed ante vivamus', '2023-02-16', 32, 38),
(385, 4, 'odio justo sollicitudin ut', '2023-01-04', 15, 26),
(386, 1, 'lacinia erat vestibulum', '2023-11-30', 26, 4),
(387, 2, 'pede justo', '2023-11-09', 31, 28),
(388, 3, 'mi pede malesuada', '2023-01-17', 15, 8),
(389, 3, 'nulla justo aliquam', '2023-12-21', 23, 45),
(390, 2, 'urna ut', '2023-02-07', 33, 32),
(391, 1, 'felis donec semper', '2023-02-09', 48, 22),
(392, 1, 'at lorem integer tincidunt', '2023-01-09', 49, 17),
(393, 3, 'risus dapibus', '2023-12-18', 38, 18),
(394, 4, 'duis faucibus accumsan', '2023-02-19', 50, 41),
(395, 2, 'luctus tincidunt nulla mollis', '2023-02-21', 24, 40),
(396, 4, 'mauris viverra', '2023-01-17', 50, 35),
(397, 2, 'quisque porta volutpat', '2023-02-23', 34, 11),
(398, 5, 'integer ac neque duis', '2023-02-05', 47, 35),
(399, 2, 'praesent blandit lacinia', '2023-07-09', 34, 30),
(400, 4, 'aliquam erat', '2023-05-08', 48, 1),
(401, 4, 'blandit lacinia', '2023-10-28', 9, 13),
(402, 4, 'vulputate justo in blandit', '2023-10-14', 44, 49),
(403, 1, 'sodales sed', '2023-01-16', 48, 35),
(404, 2, 'quis justo maecenas', '2023-03-20', 48, 41),
(405, 3, 'nulla pede', '2023-10-20', 9, 21),
(406, 3, 'cursus id', '2023-01-13', 32, 43),
(407, 3, 'non mi integer ac', '2023-06-01', 12, 37),
(408, 4, 'tincidunt nulla mollis', '2023-12-14', 12, 39),
(409, 2, 'iaculis justo', '2023-11-24', 39, 22),
(410, 4, 'at ipsum ac', '2023-01-24', 38, 5),
(411, 1, 'elit proin interdum', '2023-02-25', 25, 45),
(412, 2, 'semper interdum mauris ullamcorper', '2023-10-05', 30, 39),
(413, 3, 'mus etiam vel augue', '2023-10-11', 45, 8),
(414, 5, 'vel nisl duis', '2023-10-16', 1, 7),
(415, 5, 'congue diam', '2023-09-03', 40, 46),
(416, 5, 'natoque penatibus et magnis', '2023-02-17', 36, 31),
(417, 2, 'diam erat', '2023-03-15', 43, 27),
(418, 3, 'nisl duis bibendum', '2023-01-26', 29, 27),
(419, 2, 'cursus urna ut tellus', '2023-05-27', 33, 41),
(420, 2, 'turpis eget elit sodales', '2023-11-29', 49, 2),
(421, 3, 'sapien arcu sed', '2023-06-22', 18, 50),
(422, 3, 'cubilia curae duis faucibus', '2023-04-24', 39, 32),
(423, 4, 'consequat metus sapien ut', '2023-03-25', 45, 40),
(424, 3, 'lectus in', '2023-02-28', 42, 29),
(425, 3, 'felis fusce posuere', '2023-06-14', 15, 7),
(426, 3, 'ultrices mattis odio', '2023-02-01', 15, 2),
(427, 1, 'lacus at', '2023-06-27', 42, 37),
(428, 2, 'et magnis dis parturient', '2023-07-06', 50, 10),
(429, 3, 'rutrum neque aenean auctor', '2023-04-27', 2, 15),
(430, 1, 'dui proin', '2023-08-23', 42, 43),
(431, 3, 'nulla ultrices aliquet maecenas', '2023-05-08', 26, 1),
(432, 3, 'diam in magna bibendum', '2023-09-04', 2, 42),
(433, 4, 'pede ac', '2023-04-14', 18, 13),
(434, 3, 'augue luctus', '2023-05-17', 19, 6),
(435, 1, 'porttitor pede', '2023-08-09', 8, 40),
(436, 2, 'eget eros', '2023-06-21', 44, 27),
(437, 4, 'in imperdiet et', '2023-02-26', 7, 32),
(438, 2, 'platea dictumst aliquam augue', '2023-07-11', 45, 20),
(439, 3, 'eros vestibulum ac est', '2023-12-07', 4, 13),
(440, 2, 'cras in purus eu', '2023-12-02', 12, 1),
(441, 2, 'eget semper', '2023-03-31', 8, 27),
(442, 2, 'eget tempus vel pede', '2023-02-08', 10, 14),
(443, 5, 'vestibulum aliquet ultrices erat', '2023-02-02', 23, 34),
(444, 4, 'sit amet', '2023-11-29', 11, 2),
(445, 3, 'eu tincidunt in leo', '2023-05-08', 32, 2),
(446, 4, 'elementum eu interdum', '2023-10-18', 6, 8),
(447, 4, 'phasellus sit amet', '2023-05-31', 49, 29),
(448, 1, 'interdum eu', '2023-08-22', 41, 29),
(449, 1, 'proin interdum mauris', '2023-11-12', 41, 47),
(450, 5, 'quisque arcu libero', '2023-04-17', 44, 25),
(451, 2, 'interdum mauris', '2023-05-27', 44, 14),
(452, 1, 'viverra pede', '2023-07-31', 42, 31),
(453, 4, 'elit ac', '2023-05-20', 6, 50),
(454, 3, 'sed magna at nunc', '2023-10-30', 39, 34),
(455, 5, 'auctor gravida sem praesent', '2023-04-24', 49, 32),
(456, 5, 'quisque porta', '2023-12-01', 27, 20),
(457, 4, 'suspendisse potenti cras', '2023-12-17', 11, 50),
(458, 2, 'nec dui luctus rutrum', '2023-06-19', 2, 41),
(459, 3, 'suscipit nulla elit', '2023-01-14', 1, 30),
(460, 4, 'convallis eget', '2023-05-20', 49, 22),
(461, 4, 'elit ac', '2023-02-18', 37, 13),
(462, 2, 'at nibh in hac', '2023-01-26', 24, 19),
(463, 4, 'montes nascetur ridiculus', '2023-04-23', 32, 44),
(464, 2, 'libero quis', '2023-10-28', 49, 15),
(465, 5, 'in sapien', '2023-12-06', 4, 19),
(466, 3, 'vitae mattis nibh ligula', '2023-06-22', 25, 7),
(467, 5, 'luctus et ultrices', '2023-09-21', 31, 38),
(468, 5, 'eleifend pede', '2023-07-17', 1, 29),
(469, 4, 'adipiscing elit proin interdum', '2023-01-07', 12, 40),
(470, 3, 'ante ipsum primis', '2023-07-06', 21, 38),
(471, 5, 'condimentum curabitur in', '2023-12-28', 18, 5),
(472, 4, 'turpis integer', '2023-01-16', 8, 3),
(473, 5, 'scelerisque mauris sit', '2023-07-17', 36, 46),
(474, 1, 'justo in', '2023-09-03', 16, 22),
(475, 2, 'eleifend quam a odio', '2023-01-04', 22, 49),
(476, 1, 'purus aliquet at feugiat', '2023-11-16', 19, 42),
(477, 3, 'nisi eu', '2023-01-13', 25, 6),
(478, 2, 'sagittis nam congue', '2023-12-30', 38, 23),
(479, 1, 'vestibulum rutrum rutrum neque', '2023-08-18', 46, 43),
(480, 1, 'sed vel enim', '2023-03-12', 50, 42),
(481, 2, 'gravida nisi at nibh', '2023-08-11', 44, 2),
(482, 4, 'donec quis orci', '2023-01-18', 16, 44),
(483, 1, 'morbi vestibulum', '2023-08-08', 14, 34),
(484, 3, 'eu nibh quisque', '2023-02-01', 13, 37),
(485, 3, 'sed nisl', '2023-07-23', 25, 47),
(486, 3, 'dui nec', '2023-05-25', 23, 30),
(487, 3, 'nulla suspendisse potenti cras', '2023-05-02', 8, 6),
(488, 4, 'odio cras mi pede', '2023-07-22', 13, 39),
(489, 4, 'donec ut', '2023-01-31', 49, 10),
(490, 3, 'amet turpis elementum', '2023-03-25', 50, 11),
(491, 1, 'vulputate nonummy', '2023-01-18', 20, 10),
(492, 3, 'congue eget semper', '2023-03-12', 3, 14),
(493, 3, 'faucibus accumsan', '2023-04-16', 14, 29),
(494, 1, 'varius nulla facilisi', '2023-07-04', 25, 30),
(495, 2, 'suscipit a feugiat et', '2023-08-18', 24, 46),
(496, 4, 'felis fusce posuere', '2023-03-22', 33, 11),
(497, 2, 'platea dictumst etiam faucibus', '2023-01-03', 18, 29),
(498, 3, 'accumsan tortor', '2023-06-29', 14, 11),
(499, 1, 'non velit donec', '2023-12-15', 42, 28),
(500, 3, 'phasellus in felis', '2023-09-29', 44, 4),
(501, 4, 'quis turpis sed', '2023-07-19', 40, 25),
(502, 5, 'dolor morbi vel', '2023-09-18', 42, 40),
(503, 1, 'purus phasellus in', '2023-09-30', 33, 24),
(504, 1, 'ante vivamus', '2023-06-04', 49, 44),
(505, 1, 'ipsum primis in faucibus', '2023-04-11', 13, 16),
(506, 5, 'fusce posuere', '2023-01-02', 34, 9),
(507, 5, 'lacus at turpis', '2023-03-21', 43, 44),
(508, 4, 'accumsan felis ut', '2023-06-28', 28, 3),
(509, 2, 'nibh in', '2023-06-16', 42, 3),
(510, 4, 'nec sem duis aliquam', '2023-07-26', 42, 31),
(511, 3, 'nulla elit ac', '2023-07-13', 15, 23),
(512, 2, 'ligula suspendisse ornare consequat', '2023-03-20', 48, 30),
(513, 5, 'nulla quisque arcu libero', '2023-12-23', 25, 32),
(514, 2, 'integer aliquet massa id', '2023-02-06', 45, 44),
(515, 3, 'nisi venenatis tristique fusce', '2023-08-28', 46, 9),
(516, 5, 'eros elementum pellentesque', '2023-02-25', 10, 19),
(517, 5, 'nisi at nibh in', '2023-07-19', 22, 23),
(518, 5, 'maecenas pulvinar lobortis', '2023-09-13', 21, 18),
(519, 2, 'interdum eu tincidunt', '2023-06-12', 44, 22),
(520, 5, 'nisl duis', '2023-07-07', 14, 33),
(521, 5, 'a feugiat et eros', '2023-08-05', 49, 10),
(522, 2, 'in faucibus orci luctus', '2023-12-01', 48, 13),
(523, 3, 'ut volutpat sapien', '2023-05-20', 19, 17),
(524, 3, 'risus dapibus augue vel', '2023-11-06', 40, 21),
(525, 3, 'diam erat', '2023-01-31', 19, 35),
(526, 2, 'quis turpis eget elit', '2023-05-11', 39, 4),
(527, 5, 'adipiscing elit proin', '2023-11-03', 9, 47),
(528, 4, 'vestibulum ante ipsum primis', '2023-12-13', 24, 33),
(529, 5, 'volutpat dui maecenas tristique', '2023-10-08', 12, 29),
(530, 5, 'at lorem integer tincidunt', '2023-09-05', 48, 16),
(531, 1, 'a libero nam', '2023-07-27', 14, 26),
(532, 2, 'pretium iaculis justo', '2023-03-24', 15, 48),
(533, 2, 'condimentum id luctus nec', '2023-08-14', 20, 22),
(534, 5, 'nunc vestibulum ante', '2023-02-03', 4, 45),
(535, 2, 'sit amet consectetuer adipiscing', '2023-08-12', 21, 14),
(536, 5, 'mauris morbi non', '2023-04-27', 3, 38),
(537, 5, 'mi in', '2023-01-23', 10, 39),
(538, 1, 'justo in', '2023-03-12', 1, 31),
(539, 4, 'at turpis donec posuere', '2023-12-14', 9, 32),
(540, 4, 'arcu libero', '2023-02-25', 41, 50),
(541, 4, 'consequat lectus in est', '2023-11-01', 4, 11),
(542, 1, 'rhoncus aliquet pulvinar', '2023-03-30', 4, 33),
(543, 4, 'consectetuer adipiscing elit proin', '2023-02-07', 3, 44),
(544, 1, 'id ligula suspendisse', '2023-08-10', 10, 45),
(545, 2, 'interdum venenatis turpis enim', '2023-09-27', 37, 2),
(546, 2, 'id sapien', '2023-02-14', 14, 33),
(547, 5, 'ante vel ipsum praesent', '2023-07-31', 25, 22),
(548, 4, 'orci luctus et', '2023-04-18', 43, 48),
(549, 1, 'duis bibendum felis sed', '2023-02-12', 8, 14),
(550, 4, 'tortor sollicitudin', '2023-03-28', 24, 16),
(551, 3, 'eleifend quam a odio', '2023-02-22', 2, 16),
(552, 3, 'tortor duis', '2023-02-23', 33, 10),
(553, 3, 'vehicula consequat', '2023-04-18', 44, 1),
(554, 1, 'nulla elit ac', '2023-03-12', 2, 22),
(555, 3, 'eget nunc donec quis', '2023-09-01', 49, 26),
(556, 4, 'ultrices aliquet', '2023-04-17', 10, 9),
(557, 1, 'id ligula', '2023-05-24', 17, 43),
(558, 3, 'tortor sollicitudin', '2023-12-05', 4, 15),
(559, 2, 'odio condimentum', '2023-05-18', 2, 9),
(560, 1, 'phasellus id sapien in', '2023-07-31', 42, 27),
(561, 1, 'lacinia sapien quis libero', '2023-03-20', 19, 11),
(562, 1, 'ultrices phasellus', '2023-11-12', 40, 48),
(563, 5, 'magnis dis', '2023-02-15', 25, 11),
(564, 4, 'ut erat id', '2023-03-27', 26, 49),
(565, 1, 'varius ut', '2023-01-18', 11, 5),
(566, 2, 'at turpis', '2023-02-07', 44, 34),
(567, 2, 'lorem vitae mattis nibh', '2023-10-04', 2, 1),
(568, 3, 'porttitor id', '2023-07-15', 46, 25),
(569, 3, 'congue vivamus metus arcu', '2023-12-05', 50, 35),
(570, 5, 'non mauris', '2023-05-06', 14, 24),
(571, 5, 'ligula vehicula consequat', '2023-10-08', 46, 27),
(572, 3, 'cum sociis', '2023-03-13', 7, 33),
(573, 3, 'primis in faucibus', '2023-09-28', 28, 4),
(574, 1, 'amet eleifend pede', '2023-05-06', 1, 13),
(575, 4, 'felis sed', '2023-02-12', 17, 44),
(576, 5, 'quisque porta volutpat erat', '2023-02-07', 11, 5),
(577, 4, 'sed ante', '2023-02-22', 23, 21),
(578, 5, 'quam fringilla rhoncus mauris', '2023-01-30', 34, 16),
(579, 1, 'cursus urna', '2023-08-14', 5, 2),
(580, 4, 'ornare consequat lectus', '2023-02-02', 25, 25),
(581, 1, 'in magna bibendum imperdiet', '2023-06-01', 50, 48),
(582, 4, 'duis mattis egestas', '2023-08-12', 45, 19),
(583, 4, 'gravida sem praesent id', '2023-06-29', 40, 35),
(584, 1, 'sed augue aliquam erat', '2023-10-13', 40, 44),
(585, 3, 'duis at velit', '2023-01-21', 19, 30),
(586, 2, 'cursus urna', '2023-07-05', 6, 37),
(587, 5, 'ut odio cras', '2023-09-24', 50, 48),
(588, 2, 'in tempor', '2023-07-20', 31, 26),
(589, 1, 'arcu adipiscing molestie', '2023-09-16', 37, 37),
(590, 5, 'odio justo sollicitudin ut', '2023-12-24', 46, 18),
(591, 1, 'nec molestie', '2023-12-14', 12, 9),
(592, 2, 'ut ultrices vel', '2023-02-22', 4, 17),
(593, 5, 'enim blandit', '2023-01-19', 11, 42),
(594, 2, 'vivamus vestibulum sagittis', '2023-09-19', 3, 32),
(595, 2, 'convallis nunc proin', '2023-07-02', 38, 11),
(596, 1, 'sapien a libero', '2023-05-19', 4, 49),
(597, 2, 'odio condimentum id luctus', '2023-05-29', 1, 24),
(598, 1, 'fusce consequat nulla', '2023-04-30', 30, 3),
(599, 3, 'sed justo pellentesque', '2023-09-27', 33, 1),
(600, 4, 'sed nisl nunc rhoncus', '2023-08-07', 5, 22),
(601, 1, 'nisi volutpat', '2023-07-11', 46, 10),
(602, 4, 'cras non velit', '2023-08-27', 25, 44),
(603, 3, 'at turpis', '2023-02-22', 49, 39),
(604, 5, 'mi integer ac neque', '2023-07-09', 16, 18),
(605, 4, 'velit id pretium', '2023-10-22', 46, 50),
(606, 2, 'ultrices posuere cubilia', '2023-11-22', 33, 8),
(607, 4, 'duis ac nibh', '2023-02-28', 1, 10),
(608, 2, 'interdum eu', '2023-07-31', 34, 46),
(609, 1, 'vulputate justo in', '2023-10-12', 12, 18),
(610, 1, 'ipsum primis', '2023-09-11', 25, 48),
(611, 4, 'mus etiam', '2023-01-07', 26, 23),
(612, 1, 'nunc viverra', '2023-09-24', 3, 14),
(613, 2, 'elit proin interdum mauris', '2023-11-30', 33, 6),
(614, 1, 'mus etiam vel', '2023-08-19', 10, 18),
(615, 5, 'nisi venenatis tristique fusce', '2023-09-26', 37, 34),
(616, 1, 'lacus morbi quis', '2023-02-02', 14, 29),
(617, 4, 'at velit', '2023-05-08', 16, 38),
(618, 1, 'lorem ipsum dolor sit', '2023-04-24', 45, 9),
(619, 2, 'commodo placerat praesent', '2023-09-01', 41, 11),
(620, 1, 'integer a nibh in', '2023-11-05', 47, 11),
(621, 5, 'cursus urna ut', '2023-08-11', 5, 47),
(622, 4, 'tincidunt in leo maecenas', '2023-01-30', 49, 14),
(623, 3, 'nullam sit', '2023-06-23', 38, 20),
(624, 4, 'felis eu sapien', '2023-02-04', 46, 6),
(625, 3, 'nunc proin at turpis', '2023-10-26', 44, 43),
(626, 1, 'sem praesent id massa', '2023-11-22', 12, 10),
(627, 4, 'ante vel', '2023-03-15', 47, 22),
(628, 3, 'nulla nisl nunc', '2023-12-13', 12, 27),
(629, 3, 'ornare consequat', '2023-10-01', 35, 42),
(630, 3, 'vestibulum ac est', '2023-10-05', 2, 15),
(631, 2, 'felis sed', '2023-11-01', 9, 42),
(632, 5, 'nullam varius nulla', '2023-08-24', 33, 40),
(633, 2, 'gravida nisi at', '2023-07-04', 3, 40),
(634, 5, 'velit nec nisi', '2023-02-22', 14, 36),
(635, 1, 'nulla suscipit', '2023-09-28', 9, 38),
(636, 5, 'nulla integer pede justo', '2023-11-30', 50, 47),
(637, 3, 'sed lacus', '2023-11-16', 16, 27),
(638, 3, 'platea dictumst aliquam', '2023-04-04', 17, 41),
(639, 1, 'ultrices aliquet maecenas', '2023-10-12', 11, 28),
(640, 3, 'elementum nullam varius nulla', '2023-11-27', 29, 15),
(641, 3, 'tempus sit amet sem', '2023-02-22', 40, 18),
(642, 2, 'fusce posuere felis', '2023-02-13', 44, 19),
(643, 1, 'luctus et ultrices posuere', '2023-01-16', 50, 18),
(644, 2, 'vitae mattis nibh', '2023-12-17', 26, 3),
(645, 1, 'amet lobortis sapien sapien', '2023-10-01', 30, 13),
(646, 2, 'amet consectetuer adipiscing', '2023-08-01', 44, 35),
(647, 2, 'id turpis integer', '2023-07-28', 49, 42),
(648, 3, 'amet nunc viverra', '2023-05-23', 29, 10),
(649, 1, 'sem duis aliquam', '2023-03-12', 34, 34),
(650, 4, 'erat nulla tempus vivamus', '2023-10-19', 14, 1),
(651, 5, 'lobortis vel', '2023-05-26', 17, 24),
(652, 4, 'orci luctus', '2023-11-26', 46, 43),
(653, 1, 'orci luctus et ultrices', '2023-04-20', 25, 49),
(654, 5, 'nisl duis ac nibh', '2023-04-20', 25, 41),
(655, 2, 'molestie lorem quisque', '2023-11-20', 3, 37),
(656, 4, 'cursus vestibulum proin', '2023-07-01', 47, 34),
(657, 5, 'vivamus vestibulum sagittis sapien', '2023-04-08', 7, 50),
(658, 2, 'risus semper porta', '2023-06-26', 33, 48),
(659, 3, 'quis tortor id', '2023-12-07', 34, 25),
(660, 2, 'sapien sapien non mi', '2023-10-07', 4, 24),
(661, 2, 'libero nam', '2023-12-03', 50, 26),
(662, 3, 'eu est', '2023-03-08', 29, 36),
(663, 1, 'elit ac nulla', '2023-01-01', 3, 1),
(664, 1, 'imperdiet nullam', '2023-12-19', 9, 19),
(665, 2, 'accumsan tortor quis', '2023-09-05', 30, 6),
(666, 5, 'convallis morbi', '2023-01-17', 25, 10),
(667, 3, 'nonummy maecenas', '2023-05-12', 41, 48),
(668, 2, 'magna vulputate', '2023-04-11', 31, 10),
(669, 5, 'amet cursus', '2023-05-18', 38, 9),
(670, 1, 'sem mauris laoreet ut', '2023-11-18', 23, 48),
(671, 3, 'nascetur ridiculus', '2023-08-02', 21, 24),
(672, 1, 'at nunc', '2023-07-20', 31, 3),
(673, 5, 'quisque id justo sit', '2023-10-02', 33, 19),
(674, 5, 'ipsum aliquam non', '2023-09-18', 33, 6),
(675, 3, 'ridiculus mus', '2023-06-17', 8, 4),
(676, 4, 'vivamus in felis', '2023-04-07', 35, 34),
(677, 3, 'justo in hac', '2023-05-19', 10, 1),
(678, 2, 'neque libero', '2023-04-02', 9, 43),
(679, 2, 'vitae nisi', '2023-02-12', 42, 22),
(680, 1, 'enim lorem ipsum dolor', '2023-11-16', 20, 43),
(681, 1, 'integer non velit donec', '2023-02-09', 5, 11),
(682, 3, 'sed magna at', '2023-02-22', 24, 31),
(683, 2, 'non ligula pellentesque ultrices', '2023-09-26', 14, 23),
(684, 5, 'luctus cum sociis natoque', '2023-03-13', 6, 46),
(685, 3, 'non pretium quis lectus', '2023-11-14', 42, 15),
(686, 2, 'in hac habitasse', '2023-02-21', 37, 26),
(687, 1, 'leo odio porttitor', '2023-02-22', 23, 26),
(688, 2, 'nam congue risus semper', '2023-04-24', 6, 42),
(689, 1, 'elementum in hac habitasse', '2023-07-09', 38, 42),
(690, 3, 'tortor quis turpis', '2023-11-05', 8, 25),
(691, 5, 'vestibulum ante ipsum primis', '2023-06-21', 18, 33),
(692, 5, 'lorem quisque ut erat', '2023-08-22', 26, 39),
(693, 4, 'justo pellentesque', '2023-07-06', 49, 33),
(694, 4, 'tortor id', '2023-05-30', 24, 24),
(695, 2, 'a ipsum integer a', '2023-03-27', 43, 20),
(696, 4, 'donec dapibus duis', '2023-04-21', 44, 8),
(697, 4, 'in blandit ultrices enim', '2023-06-06', 11, 36),
(698, 5, 'ac diam cras', '2023-09-11', 49, 38),
(699, 3, 'quis orci eget', '2023-09-22', 8, 7),
(700, 2, 'sodales sed tincidunt eu', '2023-09-12', 12, 4),
(701, 4, 'diam in magna', '2023-02-08', 39, 3),
(702, 4, 'dolor morbi', '2023-10-05', 8, 12),
(703, 4, 'justo sit', '2023-09-08', 21, 40),
(704, 3, 'nisi nam', '2023-07-16', 38, 1),
(705, 2, 'ante vivamus tortor duis', '2023-07-05', 5, 14),
(706, 2, 'pellentesque ultrices phasellus', '2023-07-16', 21, 22),
(707, 2, 'aliquam lacus morbi', '2023-06-06', 13, 46),
(708, 4, 'cras non', '2023-06-18', 10, 38),
(709, 5, 'ante ipsum primis', '2023-08-11', 35, 24),
(710, 2, 'magna bibendum imperdiet nullam', '2023-06-21', 34, 25),
(711, 5, 'interdum mauris', '2023-09-17', 31, 11),
(712, 3, 'ut massa', '2023-08-01', 13, 1),
(713, 3, 'augue quam', '2023-12-01', 48, 20),
(714, 3, 'nec sem duis aliquam', '2023-11-23', 4, 21),
(715, 3, 'mus etiam vel', '2023-01-01', 46, 20),
(716, 2, 'auctor sed', '2023-03-11', 12, 37),
(717, 2, 'vestibulum velit id', '2023-03-02', 31, 16),
(718, 4, 'dapibus duis', '2023-02-25', 32, 20),
(719, 2, 'placerat ante nulla justo', '2023-05-12', 4, 50),
(720, 1, 'convallis nulla neque libero', '2023-06-06', 43, 34),
(721, 5, 'quisque ut erat', '2023-10-24', 9, 5),
(722, 5, 'faucibus orci luctus et', '2023-01-16', 30, 4),
(723, 3, 'luctus cum sociis natoque', '2023-11-12', 32, 30),
(724, 4, 'condimentum neque', '2023-03-10', 48, 42),
(725, 4, 'odio porttitor', '2023-05-12', 41, 15),
(726, 3, 'sit amet', '2023-03-16', 9, 23),
(727, 5, 'congue elementum in', '2023-10-01', 32, 26),
(728, 4, 'aenean sit amet justo', '2023-07-31', 33, 48),
(729, 5, 'placerat ante nulla', '2023-09-11', 4, 37),
(730, 3, 'in blandit', '2023-03-30', 13, 26),
(731, 1, 'non ligula', '2023-03-20', 34, 30),
(732, 2, 'lectus in', '2023-04-17', 14, 12),
(733, 3, 'bibendum morbi non', '2023-03-02', 18, 6),
(734, 4, 'maecenas pulvinar lobortis est', '2023-06-16', 33, 22),
(735, 5, 'donec dapibus', '2023-03-24', 49, 19),
(736, 1, 'nisi eu', '2023-02-24', 31, 21),
(737, 5, 'tempus semper', '2023-12-18', 29, 36),
(738, 5, 'mollis molestie', '2023-07-08', 44, 18),
(739, 4, 'blandit lacinia erat', '2023-06-10', 37, 2),
(740, 5, 'praesent id', '2023-07-16', 7, 4),
(741, 3, 'vestibulum velit', '2023-09-05', 21, 5),
(742, 3, 'posuere metus', '2023-01-27', 2, 10),
(743, 1, 'luctus tincidunt nulla mollis', '2023-07-01', 29, 29),
(744, 4, 'non velit', '2023-07-16', 3, 19),
(745, 4, 'est et tempus semper', '2023-07-09', 29, 45),
(746, 3, 'enim lorem ipsum dolor', '2023-08-05', 6, 4),
(747, 1, 'quam suspendisse potenti', '2023-02-18', 36, 18),
(748, 4, 'vulputate vitae nisl', '2023-11-29', 4, 26),
(749, 5, 'phasellus in felis', '2023-06-08', 23, 26),
(750, 5, 'ridiculus mus', '2023-07-31', 44, 46),
(751, 3, 'quam fringilla', '2023-04-01', 4, 24),
(752, 1, 'et ultrices posuere', '2023-04-25', 17, 13),
(753, 1, 'augue luctus', '2023-07-24', 50, 40),
(754, 2, 'ut massa quis augue', '2023-03-10', 24, 10),
(755, 5, 'elementum nullam varius', '2023-08-02', 48, 24),
(756, 3, 'pede posuere', '2023-07-18', 14, 21),
(757, 1, 'iaculis congue', '2023-11-30', 5, 35),
(758, 3, 'sodales scelerisque mauris', '2023-11-17', 50, 35),
(759, 5, 'placerat praesent blandit', '2023-10-08', 11, 18),
(760, 2, 'aenean sit amet justo', '2023-01-25', 21, 50),
(761, 1, 'hac habitasse platea dictumst', '2023-07-20', 27, 18),
(762, 2, 'nec sem duis', '2023-09-08', 11, 28),
(763, 5, 'sapien varius ut blandit', '2023-05-04', 16, 18),
(764, 4, 'a suscipit nulla', '2023-07-20', 15, 49),
(765, 5, 'magna at nunc commodo', '2023-03-06', 50, 27),
(766, 1, 'leo pellentesque', '2023-11-02', 12, 39),
(767, 2, 'quam sapien varius', '2023-10-23', 22, 20),
(768, 5, 'natoque penatibus et', '2023-11-19', 26, 49),
(769, 5, 'et commodo vulputate justo', '2023-06-14', 27, 4),
(770, 3, 'in hac habitasse platea', '2023-05-13', 47, 13),
(771, 2, 'iaculis justo', '2023-08-10', 26, 12),
(772, 4, 'diam vitae', '2023-07-20', 31, 37),
(773, 5, 'justo morbi ut', '2023-07-14', 40, 7),
(774, 2, 'convallis nunc proin at', '2023-07-14', 32, 41),
(775, 5, 'ultrices posuere cubilia', '2023-04-19', 24, 36),
(776, 4, 'tellus in sagittis dui', '2023-08-22', 11, 36),
(777, 1, 'quisque erat eros viverra', '2023-04-08', 24, 42),
(778, 5, 'nibh in lectus pellentesque', '2023-12-26', 25, 40),
(779, 2, 'platea dictumst morbi vestibulum', '2023-12-12', 6, 19),
(780, 4, 'tincidunt eget tempus vel', '2023-07-03', 38, 24),
(781, 3, 'proin eu mi', '2023-05-22', 39, 43),
(782, 2, 'duis at velit', '2023-09-14', 49, 17),
(783, 2, 'convallis duis consequat dui', '2023-11-04', 25, 49),
(784, 5, 'potenti nullam porttitor', '2023-07-23', 5, 31),
(785, 3, 'in tempus sit amet', '2023-06-27', 50, 36),
(786, 2, 'vestibulum rutrum rutrum neque', '2023-07-10', 29, 33),
(787, 4, 'ullamcorper purus sit amet', '2023-07-05', 3, 45),
(788, 2, 'montes nascetur ridiculus mus', '2023-05-18', 26, 32),
(789, 1, 'sed nisl nunc', '2023-07-25', 47, 34),
(790, 1, 'est risus', '2023-11-18', 12, 6),
(791, 4, 'mattis egestas metus', '2023-10-26', 47, 21),
(792, 3, 'in felis', '2023-02-21', 39, 21),
(793, 1, 'maecenas rhoncus aliquam', '2023-06-22', 26, 18),
(794, 3, 'consequat dui', '2023-05-04', 46, 28),
(795, 1, 'mattis nibh', '2023-08-28', 23, 46),
(796, 5, 'tempus vel pede', '2023-02-14', 47, 22),
(797, 5, 'feugiat non pretium', '2023-01-23', 33, 41),
(798, 5, 'etiam vel', '2023-03-31', 3, 29),
(799, 5, 'nulla neque', '2023-05-22', 1, 9),
(800, 1, 'blandit nam', '2023-04-20', 12, 31),
(801, 5, '156', '2023-12-10', 51, 40);

-- --------------------------------------------------------

--
-- Table structure for table `notifications`
--

CREATE TABLE `notifications` (
  `NotificationID` int(11) NOT NULL,
  `Reason` varchar(50) NOT NULL,
  `NStatus` varchar(50) NOT NULL,
  `AppointmentID` int(11) NOT NULL
) ENGINE=InnoDB DEFAULT CHARSET=utf8mb4 COLLATE=utf8mb4_bin;

--
-- Dumping data for table `notifications`
--

INSERT INTO `notifications` (`NotificationID`, `Reason`, `NStatus`, `AppointmentID`) VALUES
(1, 'TimeP', 'Done', 1),
(2, 'ToPatient', 'Yet', 2),
(3, 'TimeP', 'Done', 3),
(4, 'ToDoctor', 'Yet', 4),
(5, 'TimeD', 'Done', 5),
(6, 'ToDoctor', 'Done', 6),
(7, 'ToDoctor', 'Done', 7),
(8, 'TimeP', 'Done', 8),
(9, 'TimeP', 'Done', 9),
(10, 'TimeD', 'Yet', 10),
(11, 'ToDoctor', 'Done', 11),
(12, 'ToDoctor', 'Yet', 12),
(13, 'TimeD', 'Done', 13),
(14, 'ToDoctor', 'Done', 14),
(15, 'ToPatient', 'Yet', 15),
(16, 'ToDoctor', 'Done', 16),
(17, 'ToPatient', 'Done', 17),
(18, 'TimeP', 'Yet', 18),
(19, 'TimeD', 'Yet', 19),
(20, 'TimeD', 'Yet', 20),
(21, 'TimeD', 'Yet', 21),
(22, 'ToDoctor', 'Done', 22),
(23, 'ToDoctor', 'Yet', 23),
(24, 'ToDoctor', 'Done', 24),
(25, 'ToPatient', 'Done', 25),
(27, 'TimeD', 'Done', 27),
(28, 'ToPatient', 'Done', 28),
(29, 'ToPatient', 'Yet', 29),
(30, 'TimeP', 'Done', 30),
(31, 'TimeP', 'Done', 31),
(32, 'ToDoctor', 'Yet', 32),
(33, 'ToDoctor', 'Done', 33),
(34, 'TimeD', 'Yet', 34),
(35, 'TimeD', 'Yet', 35),
(36, 'ToDoctor', 'Yet', 36),
(37, 'ToDoctor', 'Done', 37),
(38, 'TimeP', 'Done', 38),
(39, 'ToDoctor', 'Yet', 39),
(40, 'TimeD', 'Yet', 40),
(41, 'TimeP', 'Done', 41),
(42, 'ToPatient', 'Yet', 42),
(43, 'ToDoctor', 'Yet', 43),
(44, 'ToPatient', 'Yet', 44),
(45, 'ToPatient', 'Yet', 45),
(46, 'TimeP', 'Done', 46),
(47, 'ToDoctor', 'Done', 47),
(48, 'TimeP', 'Done', 48),
(49, 'ToPatient', 'Yet', 49),
(51, 'ToPatient', 'Done', 51),
(52, 'TimeP', 'Yet', 52),
(53, 'TimeP', 'Done', 53),
(54, 'ToDoctor', 'Done', 54),
(55, 'ToDoctor', 'Yet', 55),
(56, 'TimeD', 'Yet', 56),
(57, 'ToDoctor', 'Yet', 57),
(58, 'TimeP', 'Yet', 58),
(59, 'ToDoctor', 'Yet', 59),
(60, 'ToDoctor', 'Yet', 60),
(61, 'TimeD', 'Done', 61),
(62, 'TimeD', 'Yet', 62),
(63, 'TimeD', 'Yet', 63),
(64, 'TimeD', 'Done', 64),
(65, 'ToPatient', 'Yet', 65),
(66, 'TimeP', 'Done', 66),
(67, 'TimeD', 'Done', 67),
(68, 'TimeP', 'Yet', 68),
(69, 'ToDoctor', 'Done', 69),
(72, 'ToDoctor', 'Done', 72),
(73, 'ToDoctor', 'Done', 73),
(74, 'TimeP', 'Yet', 74),
(75, 'ToDoctor', 'Done', 75),
(76, 'ToPatient', 'Done', 76),
(77, 'ToDoctor', 'Done', 77),
(78, 'TimeP', 'Yet', 78),
(79, 'TimeP', 'Yet', 79),
(80, 'TimeD', 'Done', 80),
(81, 'ToPatient', 'Done', 81),
(82, 'ToDoctor', 'Done', 82),
(83, 'TimeD', 'Yet', 83),
(84, 'TimeD', 'Done', 84),
(85, 'ToDoctor', 'Yet', 85),
(86, 'TimeP', 'Yet', 86),
(87, 'ToDoctor', 'Yet', 87),
(88, 'TimeP', 'Yet', 88),
(89, 'TimeD', 'Done', 89),
(90, 'ToDoctor', 'Yet', 90),
(91, 'TimeP', 'Yet', 91),
(92, 'ToDoctor', 'Yet', 92),
(93, 'TimeP', 'Yet', 93),
(94, 'ToPatient', 'Yet', 94),
(95, 'TimeD', 'Yet', 95),
(96, 'TimeP', 'Yet', 96),
(97, 'ToDoctor', 'Yet', 97),
(98, 'TimeP', 'Yet', 98),
(99, 'TimeP', 'Yet', 99),
(100, 'ToPatient', 'Yet', 100),
(101, 'TimeD', 'Yet', 101),
(102, 'TimeP', 'Yet', 102),
(103, 'TimeD', 'Yet', 103),
(104, 'TimeD', 'Yet', 104),
(105, 'TimeD', 'Done', 105),
(106, 'ToDoctor', 'Done', 106),
(107, 'TimeP', 'Done', 107),
(108, 'ToDoctor', 'Yet', 108),
(109, 'ToPatient', 'Done', 109),
(110, 'ToPatient', 'Done', 110),
(111, 'ToPatient', 'Yet', 111),
(112, 'ToPatient', 'Yet', 112),
(113, 'ToDoctor', 'Yet', 113),
(114, 'TimeP', 'Done', 114),
(115, 'ToDoctor', 'Done', 115),
(116, 'ToPatient', 'Yet', 116),
(117, 'ToPatient', 'Yet', 117),
(118, 'TimeD', 'Yet', 118),
(119, 'ToPatient', 'Done', 119),
(120, 'TimeD', 'Done', 120),
(121, 'TimeP', 'Yet', 121),
(122, 'ToPatient', 'Done', 122),
(123, 'TimeP', 'Yet', 123),
(124, 'ToDoctor', 'Done', 124),
(125, 'ToPatient', 'Yet', 125),
(126, 'TimeP', 'Done', 126),
(127, 'TimeD', 'Yet', 127),
(128, 'ToDoctor', 'Yet', 128),
(129, 'ToPatient', 'Done', 129),
(130, 'TimeD', 'Yet', 130),
(131, 'ToPatient', 'Yet', 131),
(132, 'TimeP', 'Yet', 132),
(133, 'TimeP', 'Yet', 133),
(134, 'TimeP', 'Done', 134),
(135, 'ToDoctor', 'Yet', 135),
(136, 'TimeD', 'Done', 136),
(137, 'TimeD', 'Yet', 137),
(138, 'TimeP', 'Yet', 138),
(139, 'TimeD', 'Done', 139),
(140, 'ToPatient', 'Yet', 140),
(141, 'ToPatient', 'Yet', 141),
(142, 'TimeD', 'Yet', 142),
(143, 'TimeD', 'Done', 143),
(144, 'TimeP', 'Yet', 144),
(145, 'ToDoctor', 'Yet', 145),
(146, 'ToPatient', 'Done', 146),
(147, 'ToDoctor', 'Yet', 147),
(148, 'ToPatient', 'Done', 148),
(149, 'ToPatient', 'Done', 149),
(150, 'TimeD', 'Yet', 150),
(151, 'ToPatient', 'Yet', 151),
(152, 'ToDoctor', 'Done', 152),
(153, 'TimeD', 'Yet', 153),
(154, 'TimeD', 'Yet', 154),
(155, 'TimeD', 'Yet', 155),
(156, 'TimeD', 'Yet', 156),
(157, 'TimeD', 'Done', 157),
(158, 'ToDoctor', 'Done', 158),
(159, 'TimeP', 'Done', 159),
(160, 'TimeP', 'Yet', 160),
(161, 'TimeD', 'Done', 161),
(162, 'ToDoctor', 'Done', 162),
(163, 'TimeD', 'Done', 163),
(164, 'TimeD', 'Done', 164),
(165, 'ToDoctor', 'Yet', 165),
(166, 'TimeD', 'Yet', 166),
(167, 'ToPatient', 'Done', 167),
(168, 'ToDoctor', 'Done', 168),
(169, 'TimeP', 'Yet', 169),
(170, 'TimeP', 'Yet', 170),
(171, 'TimeP', 'Done', 171),
(172, 'ToDoctor', 'Done', 172),
(173, 'TimeD', 'Yet', 173),
(174, 'TimeD', 'Done', 174),
(175, 'ToPatient', 'Done', 175),
(176, 'TimeD', 'Yet', 176),
(177, 'ToPatient', 'Done', 177),
(178, 'ToPatient', 'Done', 178),
(179, 'ToPatient', 'Done', 179),
(180, 'ToPatient', 'Yet', 180),
(181, 'TimeD', 'Done', 181),
(182, 'ToPatient', 'Yet', 182),
(183, 'TimeD', 'Done', 183),
(184, 'ToDoctor', 'Yet', 184),
(185, 'TimeD', 'Yet', 185),
(186, 'ToDoctor', 'Done', 186),
(187, 'ToDoctor', 'Done', 187),
(188, 'ToDoctor', 'Done', 188),
(189, 'TimeP', 'Yet', 189),
(190, 'ToDoctor', 'Done', 190),
(191, 'TimeD', 'Done', 191),
(192, 'ToPatient', 'Yet', 192),
(193, 'ToDoctor', 'Done', 193),
(194, 'ToPatient', 'Yet', 194),
(195, 'TimeD', 'Yet', 195),
(196, 'ToPatient', 'Done', 196),
(197, 'TimeD', 'Done', 197),
(198, 'ToPatient', 'Done', 198),
(199, 'ToPatient', 'Done', 199),
(200, 'ToPatient', 'Done', 200),
(201, 'ToDoctor', 'Done', 201),
(202, 'ToDoctor', 'Done', 202),
(203, 'TimeP', 'Done', 203),
(204, 'ToPatient', 'Done', 204),
(205, 'TimeD', 'Done', 205),
(206, 'TimeP', 'Yet', 206),
(207, 'ToPatient', 'Yet', 207),
(208, 'TimeD', 'Done', 208),
(209, 'ToPatient', 'Yet', 209),
(210, 'ToDoctor', 'Done', 210),
(211, 'ToPatient', 'Done', 211),
(212, 'TimeD', 'Done', 212),
(213, 'TimeP', 'Yet', 213),
(214, 'TimeD', 'Yet', 214),
(215, 'TimeP', 'Done', 215),
(216, 'ToDoctor', 'Done', 216),
(217, 'TimeD', 'Done', 217),
(218, 'ToDoctor', 'Done', 218),
(219, 'TimeP', 'Done', 219),
(220, 'TimeD', 'Yet', 220),
(221, 'TimeP', 'Done', 221),
(222, 'TimeD', 'Yet', 222),
(223, 'TimeD', 'Done', 223),
(224, 'ToDoctor', 'Yet', 224),
(225, 'TimeD', 'Yet', 225),
(226, 'ToDoctor', 'Yet', 226),
(227, 'TimeD', 'Yet', 227),
(228, 'ToDoctor', 'Yet', 228),
(229, 'TimeP', 'Yet', 229),
(230, 'TimeP', 'Yet', 230),
(231, 'ToDoctor', 'Done', 231),
(232, 'TimeD', 'Yet', 232),
(233, 'ToPatient', 'Yet', 233),
(234, 'ToDoctor', 'Done', 234),
(235, 'TimeD', 'Yet', 235),
(236, 'TimeP', 'Yet', 236),
(237, 'ToPatient', 'Yet', 237),
(238, 'TimeP', 'Yet', 238),
(239, 'ToDoctor', 'Done', 239),
(240, 'ToPatient', 'Done', 240),
(241, 'TimeP', 'Yet', 241),
(242, 'TimeP', 'Done', 242),
(243, 'TimeD', 'Done', 243),
(244, 'ToPatient', 'Yet', 244),
(245, 'ToDoctor', 'Done', 245),
(246, 'ToPatient', 'Yet', 246),
(247, 'TimeP', 'Done', 247),
(248, 'TimeP', 'Done', 248),
(249, 'ToDoctor', 'Done', 249),
(250, 'TimeP', 'Yet', 250),
(251, 'TimeD', 'Done', 251),
(252, 'TimeD', 'Yet', 252),
(253, 'ToPatient', 'Yet', 253),
(254, 'TimeD', 'Yet', 254),
(255, 'ToDoctor', 'Yet', 255),
(256, 'TimeP', 'Done', 256),
(257, 'TimeP', 'Yet', 257),
(258, 'ToPatient', 'Done', 258),
(259, 'TimeD', 'Yet', 259),
(260, 'TimeP', 'Yet', 260),
(261, 'TimeP', 'Done', 261),
(262, 'ToDoctor', 'Yet', 262),
(263, 'ToPatient', 'Done', 263),
(264, 'TimeD', 'Done', 264),
(265, 'TimeD', 'Yet', 265),
(266, 'TimeD', 'Yet', 266),
(267, 'ToPatient', 'Done', 267),
(268, 'ToPatient', 'Done', 268),
(269, 'ToPatient', 'Done', 269),
(270, 'ToPatient', 'Done', 270),
(271, 'TimeD', 'Yet', 271),
(272, 'TimeD', 'Yet', 272),
(273, 'ToPatient', 'Yet', 273),
(274, 'TimeP', 'Yet', 274),
(275, 'ToPatient', 'Yet', 275),
(277, 'ToPatient', 'Done', 277),
(278, 'ToDoctor', 'Yet', 278),
(279, 'ToDoctor', 'Done', 279),
(280, 'ToDoctor', 'Done', 280),
(281, 'TimeD', 'Done', 281),
(282, 'ToDoctor', 'Done', 282),
(283, 'ToPatient', 'Yet', 283),
(284, 'ToPatient', 'Yet', 284),
(285, 'TimeD', 'Yet', 285),
(286, 'ToPatient', 'Yet', 286),
(287, 'ToPatient', 'Done', 287),
(288, 'ToDoctor', 'Done', 288),
(289, 'ToDoctor', 'Done', 289),
(290, 'TimeP', 'Yet', 290),
(291, 'ToDoctor', 'Yet', 291),
(292, 'ToPatient', 'Done', 292),
(293, 'ToPatient', 'Yet', 293),
(294, 'ToDoctor', 'Done', 294),
(295, 'ToDoctor', 'Done', 295),
(296, 'TimeP', 'Done', 296),
(297, 'TimeP', 'Done', 297),
(298, 'TimeP', 'Yet', 298),
(299, 'ToPatient', 'Done', 299),
(300, 'ToPatient', 'Yet', 300),
(301, 'ToPatient', 'Yet', 301),
(302, 'TimeD', 'Done', 302),
(303, 'ToPatient', 'Yet', 303),
(304, 'TimeD', 'Yet', 304),
(305, 'TimeD', 'Yet', 305),
(306, 'TimeD', 'Done', 306),
(307, 'ToPatient', 'Done', 307),
(308, 'TimeD', 'Yet', 308),
(309, 'ToDoctor', 'Yet', 309),
(310, 'ToDoctor', 'Yet', 310),
(311, 'TimeP', 'Yet', 311),
(312, 'ToDoctor', 'Done', 312),
(313, 'TimeD', 'Yet', 313),
(314, 'ToPatient', 'Yet', 314),
(315, 'TimeP', 'Done', 315),
(316, 'ToDoctor', 'Yet', 316),
(317, 'TimeP', 'Done', 317),
(318, 'ToPatient', 'Yet', 318),
(319, 'TimeD', 'Yet', 319),
(320, 'ToPatient', 'Yet', 320),
(321, 'ToPatient', 'Done', 321),
(323, 'ToDoctor', 'Done', 323),
(324, 'ToDoctor', 'Yet', 324),
(325, 'TimeD', 'Yet', 325),
(326, 'TimeD', 'Done', 326),
(327, 'ToDoctor', 'Done', 327),
(328, 'ToDoctor', 'Yet', 328),
(329, 'TimeD', 'Yet', 329),
(330, 'ToDoctor', 'Done', 330),
(331, 'TimeP', 'Done', 331),
(332, 'ToDoctor', 'Done', 332),
(333, 'ToDoctor', 'Done', 333),
(334, 'TimeD', 'Done', 334),
(335, 'TimeD', 'Yet', 335),
(336, 'ToPatient', 'Done', 336),
(337, 'ToPatient', 'Done', 337),
(338, 'ToPatient', 'Done', 338),
(339, 'TimeD', 'Done', 339),
(340, 'TimeD', 'Done', 340),
(341, 'ToPatient', 'Done', 341),
(342, 'TimeP', 'Yet', 342),
(343, 'TimeP', 'Done', 343),
(344, 'TimeP', 'Yet', 344),
(345, 'ToPatient', 'Done', 345),
(346, 'TimeD', 'Yet', 346),
(348, 'TimeP', 'Yet', 348),
(350, 'TimeD', 'Done', 350),
(351, 'TimeP', 'Yet', 351),
(352, 'TimeP', 'Yet', 352),
(353, 'TimeP', 'Yet', 353),
(355, 'ToDoctor', 'Yet', 355),
(356, 'TimeD', 'Done', 356),
(357, 'TimeP', 'Yet', 357),
(358, 'TimeP', 'Yet', 358),
(359, 'TimeD', 'Done', 359),
(360, 'ToPatient', 'Done', 360),
(361, 'TimeD', 'Yet', 361),
(362, 'ToDoctor', 'Done', 362),
(363, 'TimeP', 'Done', 363),
(364, 'TimeD', 'Done', 364),
(365, 'ToPatient', 'Yet', 365),
(366, 'ToDoctor', 'Yet', 366),
(367, 'ToPatient', 'Done', 367),
(368, 'ToDoctor', 'Done', 368),
(369, 'ToDoctor', 'Yet', 369),
(370, 'ToDoctor', 'Yet', 370),
(371, 'ToDoctor', 'Done', 371),
(372, 'ToPatient', 'Yet', 372),
(373, 'ToPatient', 'Done', 373),
(374, 'TimeD', 'Yet', 374),
(375, 'TimeD', 'Yet', 375),
(376, 'ToDoctor', 'Done', 376),
(377, 'TimeP', 'Yet', 377),
(378, 'TimeP', 'Yet', 378),
(379, 'TimeP', 'Done', 379),
(380, 'TimeD', 'Yet', 380),
(381, 'ToDoctor', 'Yet', 381),
(382, 'TimeD', 'Yet', 382),
(383, 'ToPatient', 'Done', 383),
(384, 'ToPatient', 'Done', 384),
(385, 'ToDoctor', 'Done', 385),
(386, 'TimeP', 'Done', 386),
(387, 'TimeP', 'Done', 387),
(389, 'ToDoctor', 'Done', 389),
(390, 'TimeP', 'Yet', 390),
(391, 'TimeD', 'Done', 391),
(392, 'ToDoctor', 'Done', 392),
(393, 'TimeP', 'Yet', 393),
(394, 'TimeP', 'Done', 394),
(395, 'TimeP', 'Done', 395),
(396, 'TimeP', 'Done', 396),
(397, 'ToDoctor', 'Yet', 397),
(398, 'TimeP', 'Yet', 398),
(399, 'TimeD', 'Done', 399),
(400, 'TimeP', 'Done', 400),
(401, 'ToDoctor', 'Yet', 401),
(402, 'ToPatient', 'Done', 402),
(403, 'ToPatient', 'Yet', 403),
(404, 'TimeP', 'Done', 404),
(405, 'ToPatient', 'Done', 405),
(406, 'TimeD', 'Yet', 406),
(407, 'TimeP', 'Yet', 407),
(408, 'ToPatient', 'Done', 408),
(409, 'ToPatient', 'Yet', 409),
(410, 'TimeP', 'Yet', 410),
(411, 'TimeD', 'Yet', 411),
(412, 'ToDoctor', 'Yet', 412),
(413, 'TimeD', 'Yet', 413),
(414, 'TimeD', 'Yet', 414),
(415, 'ToDoctor', 'Yet', 415),
(416, 'ToPatient', 'Done', 416),
(417, 'ToPatient', 'Yet', 417),
(418, 'TimeP', 'Done', 418),
(419, 'TimeP', 'Done', 419),
(420, 'ToPatient', 'Yet', 420),
(421, 'ToPatient', 'Yet', 421),
(422, 'ToPatient', 'Yet', 422),
(423, 'TimeD', 'Done', 423),
(424, 'TimeP', 'Yet', 424),
(425, 'ToPatient', 'Done', 425),
(426, 'ToDoctor', 'Done', 426),
(427, 'ToDoctor', 'Yet', 427),
(428, 'ToPatient', 'Done', 428),
(429, 'ToDoctor', 'Done', 429),
(430, 'TimeD', 'Yet', 430),
(431, 'TimeD', 'Yet', 431),
(432, 'ToDoctor', 'Done', 432),
(433, 'ToPatient', 'Done', 433),
(434, 'TimeP', 'Done', 434),
(435, 'ToDoctor', 'Yet', 435),
(436, 'TimeD', 'Yet', 436),
(437, 'TimeP', 'Yet', 437),
(438, 'TimeP', 'Yet', 438),
(439, 'ToDoctor', 'Yet', 439),
(440, 'TimeD', 'Done', 440),
(441, 'TimeD', 'Yet', 441),
(442, 'ToPatient', 'Yet', 442),
(443, 'ToPatient', 'Yet', 443),
(444, 'TimeP', 'Done', 444),
(445, 'ToDoctor', 'Done', 445),
(446, 'ToPatient', 'Done', 446),
(447, 'ToPatient', 'Done', 447),
(448, 'TimeP', 'Done', 448),
(449, 'ToDoctor', 'Done', 449),
(451, 'ToDoctor', 'Done', 451),
(452, 'ToDoctor', 'Yet', 452),
(453, 'ToPatient', 'Done', 453),
(454, 'TimeD', 'Done', 454),
(455, 'ToPatient', 'Done', 455),
(456, 'ToPatient', 'Done', 456),
(457, 'TimeP', 'Done', 457),
(458, 'ToPatient', 'Done', 458),
(459, 'TimeD', 'Done', 459),
(461, 'ToDoctor', 'Yet', 461),
(462, 'TimeD', 'Yet', 462),
(463, 'TimeD', 'Yet', 463),
(464, 'ToPatient', 'Yet', 464),
(465, 'TimeP', 'Yet', 465),
(466, 'ToPatient', 'Yet', 466),
(467, 'TimeP', 'Yet', 467),
(468, 'TimeD', 'Yet', 468),
(469, 'ToPatient', 'Yet', 469),
(470, 'TimeP', 'Done', 470),
(471, 'ToPatient', 'Yet', 471),
(472, 'ToPatient', 'Yet', 472),
(473, 'TimeD', 'Done', 473),
(474, 'ToPatient', 'Yet', 474),
(475, 'TimeD', 'Yet', 475),
(476, 'TimeD', 'Yet', 476),
(477, 'TimeD', 'Done', 477),
(478, 'TimeP', 'Done', 478),
(479, 'ToDoctor', 'Yet', 479),
(480, 'TimeD', 'Done', 480),
(481, 'ToDoctor', 'Done', 481),
(482, 'ToDoctor', 'Done', 482),
(483, 'TimeP', 'Yet', 483),
(484, 'TimeD', 'Yet', 484),
(485, 'TimeP', 'Done', 485),
(486, 'ToPatient', 'Yet', 486),
(487, 'ToPatient', 'Done', 487),
(488, 'TimeD', 'Yet', 488),
(489, 'ToDoctor', 'Yet', 489),
(490, 'TimeP', 'Yet', 490),
(491, 'ToPatient', 'Yet', 491),
(492, 'ToPatient', 'Yet', 492),
(493, 'ToPatient', 'Done', 493),
(494, 'TimeP', 'Done', 494),
(495, 'ToDoctor', 'Yet', 495),
(496, 'TimeP', 'Yet', 496),
(497, 'TimeD', 'Yet', 497),
(498, 'TimeD', 'Done', 498),
(499, 'TimeD', 'Done', 499),
(500, 'ToDoctor', 'Yet', 500),
(501, 'ToDoctor', 'Yet', 501),
(502, 'ToDoctor', 'Yet', 502),
(503, 'TimeD', 'Yet', 503),
(504, 'ToDoctor', 'Yet', 504),
(505, 'ToPatient', 'Yet', 505),
(506, 'ToDoctor', 'Done', 506),
(507, 'ToDoctor', 'Done', 507),
(508, 'TimeP', 'Yet', 508),
(509, 'ToDoctor', 'Done', 509),
(510, 'ToPatient', 'Done', 510),
(511, 'ToPatient', 'Done', 511),
(512, 'ToPatient', 'Done', 512),
(514, 'TimeP', 'Done', 514),
(515, 'TimeP', 'Done', 515),
(516, 'ToPatient', 'Done', 516),
(517, 'ToPatient', 'Yet', 517),
(519, 'TimeD', 'Done', 519),
(520, 'ToDoctor', 'Yet', 520),
(521, 'TimeD', 'Yet', 521),
(522, 'ToDoctor', 'Done', 522),
(523, 'ToDoctor', 'Done', 523),
(524, 'TimeD', 'Yet', 524),
(525, 'ToPatient', 'Done', 525),
(526, 'TimeP', 'Yet', 526),
(527, 'TimeP', 'Done', 527),
(528, 'ToDoctor', 'Yet', 528),
(529, 'ToDoctor', 'Yet', 529),
(530, 'TimeD', 'Done', 530),
(532, 'TimeD', 'Done', 532),
(533, 'ToPatient', 'Done', 533),
(534, 'TimeP', 'Done', 534),
(535, 'ToPatient', 'Done', 535),
(536, 'TimeD', 'Yet', 536),
(537, 'ToPatient', 'Done', 537),
(538, 'ToDoctor', 'Done', 538),
(539, 'TimeD', 'Done', 539),
(540, 'TimeD', 'Done', 540),
(541, 'TimeP', 'Done', 541),
(542, 'TimeP', 'Done', 542),
(543, 'TimeP', 'Yet', 543),
(544, 'TimeD', 'Yet', 544),
(545, 'TimeD', 'Yet', 545),
(546, 'ToPatient', 'Yet', 546),
(547, 'ToPatient', 'Done', 547),
(548, 'ToDoctor', 'Done', 548),
(549, 'TimeP', 'Done', 549),
(550, 'TimeD', 'Done', 550),
(551, 'ToDoctor', 'Done', 551),
(552, 'ToDoctor', 'Yet', 552),
(553, 'ToPatient', 'Yet', 553),
(554, 'TimeD', 'Yet', 554),
(555, 'ToDoctor', 'Done', 555),
(556, 'ToPatient', 'Done', 556),
(557, 'ToPatient', 'Done', 557),
(558, 'ToPatient', 'Done', 558),
(559, 'ToPatient', 'Done', 559),
(560, 'ToPatient', 'Yet', 560),
(561, 'TimeD', 'Yet', 561),
(562, 'TimeP', 'Done', 562),
(563, 'TimeP', 'Yet', 563),
(564, 'ToPatient', 'Done', 564),
(565, 'TimeD', 'Done', 565),
(566, 'ToPatient', 'Done', 566),
(567, 'TimeD', 'Yet', 567),
(568, 'TimeD', 'Done', 568),
(569, 'ToPatient', 'Done', 569),
(571, 'ToDoctor', 'Done', 571),
(572, 'TimeP', 'Yet', 572),
(573, 'ToPatient', 'Yet', 573),
(574, 'ToPatient', 'Done', 574),
(575, 'TimeP', 'Done', 575),
(576, 'TimeD', 'Done', 576),
(577, 'ToPatient', 'Yet', 577),
(578, 'ToDoctor', 'Done', 578),
(579, 'TimeD', 'Done', 579),
(580, 'TimeP', 'Yet', 580),
(581, 'TimeD', 'Yet', 581),
(582, 'ToPatient', 'Done', 582),
(583, 'TimeP', 'Yet', 583),
(584, 'TimeD', 'Done', 584),
(585, 'ToDoctor', 'Yet', 585),
(586, 'TimeP', 'Yet', 586),
(587, 'TimeP', 'Yet', 587),
(588, 'ToDoctor', 'Yet', 588),
(589, 'ToPatient', 'Done', 589),
(590, 'TimeP', 'Done', 590),
(591, 'ToDoctor', 'Done', 591),
(592, 'ToDoctor', 'Yet', 592),
(593, 'TimeD', 'Done', 593),
(594, 'TimeD', 'Yet', 594),
(595, 'ToDoctor', 'Yet', 595),
(596, 'TimeP', 'Done', 596),
(597, 'TimeD', 'Yet', 597),
(598, 'TimeP', 'Yet', 598),
(599, 'ToDoctor', 'Done', 599),
(600, 'TimeP', 'Yet', 600),
(601, 'ToDoctor', 'Done', 601),
(602, 'ToDoctor', 'Done', 602),
(603, 'ToPatient', 'Done', 603),
(604, 'ToDoctor', 'Yet', 604),
(605, 'ToDoctor', 'Done', 605),
(606, 'ToPatient', 'Done', 606),
(607, 'ToPatient', 'Done', 607),
(608, 'TimeP', 'Done', 608),
(609, 'ToDoctor', 'Done', 609),
(610, 'ToDoctor', 'Done', 610),
(611, 'TimeD', 'Done', 611),
(612, 'ToPatient', 'Done', 612),
(613, 'ToDoctor', 'Done', 613),
(614, 'TimeP', 'Yet', 614),
(615, 'ToDoctor', 'Done', 615),
(616, 'ToPatient', 'Yet', 616),
(617, 'TimeP', 'Yet', 617),
(618, 'ToPatient', 'Done', 618),
(619, 'ToPatient', 'Done', 619),
(620, 'ToPatient', 'Done', 620),
(621, 'TimeD', 'Done', 621),
(622, 'TimeD', 'Done', 622),
(623, 'ToPatient', 'Yet', 623),
(624, 'ToPatient', 'Done', 624),
(625, 'ToDoctor', 'Yet', 625),
(626, 'TimeD', 'Done', 626),
(627, 'TimeD', 'Yet', 627),
(628, 'TimeD', 'Done', 628),
(629, 'TimeP', 'Yet', 629),
(630, 'TimeD', 'Done', 630),
(633, 'TimeP', 'Done', 633),
(634, 'TimeD', 'Done', 634),
(635, 'ToDoctor', 'Done', 635),
(636, 'TimeD', 'Done', 636),
(637, 'TimeD', 'Yet', 637),
(638, 'TimeD', 'Yet', 638),
(639, 'TimeD', 'Yet', 639),
(640, 'ToPatient', 'Done', 640),
(641, 'ToDoctor', 'Yet', 641),
(642, 'TimeP', 'Done', 642),
(643, 'TimeP', 'Done', 643),
(644, 'TimeD', 'Yet', 644),
(645, 'TimeD', 'Yet', 645),
(646, 'ToDoctor', 'Yet', 646),
(647, 'ToPatient', 'Done', 647),
(648, 'ToDoctor', 'Done', 648),
(649, 'ToDoctor', 'Yet', 649),
(650, 'ToPatient', 'Done', 650),
(651, 'TimeP', 'Yet', 651),
(652, 'ToDoctor', 'Yet', 652),
(653, 'ToPatient', 'Done', 653),
(654, 'ToDoctor', 'Done', 654),
(655, 'TimeP', 'Yet', 655),
(656, 'TimeD', 'Yet', 656),
(657, 'TimeP', 'Yet', 657),
(658, 'TimeD', 'Yet', 658),
(659, 'TimeP', 'Yet', 659),
(660, 'TimeD', 'Done', 660),
(661, 'ToDoctor', 'Yet', 661),
(662, 'TimeD', 'Done', 662),
(663, 'TimeD', 'Done', 663),
(664, 'ToPatient', 'Yet', 664),
(665, 'TimeP', 'Yet', 665),
(666, 'TimeP', 'Yet', 666),
(667, 'TimeP', 'Done', 667),
(668, 'ToPatient', 'Done', 668),
(669, 'ToPatient', 'Yet', 669),
(670, 'TimeP', 'Yet', 670),
(671, 'TimeP', 'Done', 671),
(672, 'ToPatient', 'Done', 672),
(673, 'ToDoctor', 'Done', 673),
(674, 'ToDoctor', 'Yet', 674),
(675, 'ToPatient', 'Yet', 675),
(676, 'TimeD', 'Yet', 676),
(677, 'ToDoctor', 'Yet', 677),
(678, 'ToDoctor', 'Done', 678),
(679, 'TimeD', 'Yet', 679),
(680, 'TimeP', 'Done', 680),
(681, 'TimeP', 'Done', 681),
(682, 'TimeP', 'Yet', 682),
(683, 'TimeD', 'Done', 683),
(684, 'ToPatient', 'Done', 684),
(685, 'TimeP', 'Yet', 685),
(686, 'ToDoctor', 'Done', 686),
(687, 'ToDoctor', 'Yet', 687),
(688, 'TimeD', 'Yet', 688),
(689, 'ToDoctor', 'Yet', 689),
(690, 'ToPatient', 'Yet', 690),
(691, 'ToDoctor', 'Yet', 691),
(692, 'ToDoctor', 'Done', 692),
(693, 'ToDoctor', 'Done', 693),
(694, 'TimeP', 'Done', 694),
(695, 'TimeD', 'Yet', 695),
(696, 'TimeD', 'Yet', 696),
(697, 'TimeD', 'Done', 697),
(698, 'TimeD', 'Yet', 698),
(699, 'TimeP', 'Yet', 699),
(700, 'TimeD', 'Done', 700),
(701, 'ToDoctor', 'Yet', 701),
(702, 'TimeD', 'Yet', 702),
(703, 'TimeD', 'Yet', 703),
(704, 'ToPatient', 'Yet', 704),
(705, 'ToPatient', 'Done', 705),
(706, 'TimeP', 'Done', 706),
(707, 'ToPatient', 'Done', 707),
(708, 'TimeP', 'Yet', 708),
(709, 'TimeP', 'Yet', 709),
(710, 'TimeD', 'Yet', 710),
(711, 'ToPatient', 'Done', 711),
(712, 'TimeD', 'Yet', 712),
(713, 'TimeD', 'Done', 713),
(714, 'ToDoctor', 'Yet', 714),
(715, 'TimeP', 'Done', 715),
(716, 'TimeD', 'Yet', 716),
(717, 'ToDoctor', 'Done', 717),
(718, 'TimeP', 'Yet', 718),
(719, 'ToPatient', 'Done', 719),
(720, 'TimeD', 'Done', 720),
(721, 'ToDoctor', 'Done', 721),
(723, 'TimeD', 'Yet', 723),
(724, 'ToDoctor', 'Done', 724),
(725, 'ToDoctor', 'Yet', 725),
(726, 'ToDoctor', 'Done', 726),
(727, 'ToDoctor', 'Yet', 727),
(728, 'ToDoctor', 'Done', 728),
(729, 'TimeP', 'Done', 729),
(730, 'ToPatient', 'Yet', 730),
(731, 'ToDoctor', 'Yet', 731),
(732, 'ToDoctor', 'Done', 732),
(733, 'TimeD', 'Done', 733),
(734, 'TimeP', 'Yet', 734),
(735, 'TimeP', 'Yet', 735),
(736, 'ToPatient', 'Done', 736),
(737, 'TimeP', 'Done', 737),
(738, 'TimeP', 'Yet', 738),
(739, 'TimeP', 'Yet', 739),
(740, 'TimeD', 'Yet', 740),
(741, 'TimeP', 'Done', 741),
(742, 'ToPatient', 'Done', 742),
(743, 'TimeD', 'Done', 743),
(744, 'ToDoctor', 'Done', 744),
(745, 'ToPatient', 'Done', 745),
(746, 'ToDoctor', 'Yet', 746),
(747, 'TimeP', 'Yet', 747),
(748, 'TimeP', 'Done', 748),
(749, 'TimeD', 'Yet', 749),
(750, 'TimeP', 'Yet', 750),
(751, 'ToDoctor', 'Yet', 751),
(752, 'TimeD', 'Yet', 752),
(753, 'TimeD', 'Done', 753),
(754, 'ToDoctor', 'Done', 754),
(755, 'TimeD', 'Yet', 755),
(756, 'TimeP', 'Done', 756),
(757, 'ToDoctor', 'Yet', 757),
(758, 'ToPatient', 'Yet', 758),
(759, 'TimeD', 'Yet', 759),
(760, 'TimeD', 'Yet', 760),
(761, 'TimeP', 'Yet', 761),
(762, 'TimeD', 'Yet', 762),
(763, 'ToPatient', 'Yet', 763),
(764, 'ToDoctor', 'Yet', 764),
(765, 'ToDoctor', 'Yet', 765),
(766, 'TimeP', 'Done', 766),
(767, 'TimeD', 'Done', 767),
(769, 'TimeP', 'Yet', 769),
(770, 'TimeD', 'Yet', 770),
(771, 'TimeD', 'Yet', 771),
(772, 'TimeD', 'Yet', 772),
(773, 'TimeD', 'Done', 773),
(774, 'ToDoctor', 'Done', 774),
(775, 'TimeD', 'Done', 775),
(776, 'TimeP', 'Yet', 776),
(777, 'ToPatient', 'Done', 777),
(778, 'TimeP', 'Done', 778),
(779, 'ToPatient', 'Yet', 779),
(780, 'TimeD', 'Done', 780),
(781, 'TimeP', 'Yet', 781),
(782, 'TimeD', 'Yet', 782),
(783, 'TimeD', 'Done', 783),
(784, 'ToPatient', 'Yet', 784),
(785, 'TimeD', 'Yet', 785),
(786, 'ToDoctor', 'Done', 786),
(787, 'ToDoctor', 'Done', 787),
(788, 'ToDoctor', 'Yet', 788),
(789, 'ToDoctor', 'Done', 789),
(790, 'TimeD', 'Yet', 790),
(791, 'ToPatient', 'Done', 791),
(792, 'ToDoctor', 'Yet', 792),
(793, 'ToPatient', 'Done', 793),
(794, 'TimeD', 'Yet', 794),
(795, 'ToPatient', 'Done', 795),
(796, 'ToPatient', 'Yet', 796),
(797, 'ToPatient', 'Done', 797),
(798, 'TimeP', 'Yet', 798),
(799, 'ToDoctor', 'Yet', 799);

-- --------------------------------------------------------

--
-- Table structure for table `patients`
--

CREATE TABLE `patients` (
  `PatientID` int(11) NOT NULL,
  `PName` varchar(50) NOT NULL,
  `PTelephoneNo` char(12) NOT NULL,
  `Gender` varchar(10) NOT NULL,
  `DateOfBirth` date NOT NULL,
  `Height` double DEFAULT NULL,
  `Weight` double DEFAULT NULL,
  `AccountID` int(11) NOT NULL
) ENGINE=InnoDB DEFAULT CHARSET=utf8mb4 COLLATE=utf8mb4_bin;

--
-- Dumping data for table `patients`
--

INSERT INTO `patients` (`PatientID`, `PName`, `PTelephoneNo`, `Gender`, `DateOfBirth`, `Height`, `Weight`, `AccountID`) VALUES
(1, 'Garrik', '826-5458644', 'Male', '1936-02-17', 162.39, 103.85, 1),
(2, 'Giffard', '410-2634567', 'Female', '1920-08-20', 166.74, 52.21, 2),
(3, 'Ferguson', '112-7313416', 'Male', '1968-07-23', 29.48, 183.61, 3),
(4, 'Forrest', '271-3444864', 'Female', '1955-05-25', 106.07, 81.82, 4),
(5, 'Franklyn', '596-3973152', 'Male', '1911-09-23', 26.55, 190.22, 5),
(6, 'Borden', '303-6752625', 'Male', '2009-10-07', 180, 179.79, 6),
(7, 'Benedicto', '498-8600464', 'Female', '1988-02-17', 168.85, 79.47, 7),
(8, 'Wally', '183-7326990', 'Female', '1981-09-27', 89.08, 174.4, 8),
(9, 'Nathanil', '358-5753123', 'Male', '1998-07-10', 44.52, 61.92, 9),
(10, 'Mikel', '843-0067035', 'Female', '1953-03-06', 32.1, 79.12, 10),
(11, 'Allister', '863-6052852', 'Female', '2019-04-24', 176.66, 55.85, 11),
(12, 'Gordan', '379-0498334', 'Female', '1998-02-23', 162.56, 56.96, 12),
(13, 'Lemuel', '893-7279713', 'Male', '1998-08-11', 137.05, 57.03, 13),
(14, 'Briggs', '634-1202390', 'Male', '2008-12-27', 154.57, 49.06, 14),
(15, 'Dael', '547-9939116', 'Male', '1996-05-19', 12.38, 184.95, 15),
(16, 'Ronald', '968-2212199', 'Female', '1927-08-20', 68.19, 121.19, 16),
(17, 'Alphard', '204-6877810', 'Female', '1983-01-02', 167.09, 162.68, 17),
(18, 'Orton', '558-1643661', 'Female', '1906-07-15', 57.85, 184.38, 18),
(19, 'Hollis', '321-6619559', 'Male', '1914-01-23', 187.07, 114.86, 19),
(20, 'Curr', '299-5126586', 'Male', '1964-03-17', 147.41, 117.47, 20),
(21, 'Chester', '775-4581632', 'Male', '1930-08-09', 1.16, 80.78, 21),
(22, 'Orville', '176-0718297', 'Male', '1982-08-28', 187.72, 173.11, 22),
(23, 'Dunstan', '396-8363104', 'Female', '1991-11-15', 143.65, 117.16, 23),
(24, 'Walton', '752-2393637', 'Male', '1941-10-17', 80.34, 180.37, 24),
(25, 'Doyle', '155-2162939', 'Male', '1990-12-03', 128.52, 181.63, 25),
(26, 'Trevor', '163-3251392', 'Female', '1965-09-02', 37.6, 163.49, 26),
(27, 'Morten', '131-1959942', 'Female', '1919-08-28', 108.06, 78.62, 27),
(28, 'Maxie', '849-0865540', 'Male', '1902-04-16', 91.87, 67.31, 28),
(29, 'Rolfe', '602-2959908', 'Female', '1914-07-17', 142.71, 151.74, 29),
(30, 'Aldin', '022-0630587', 'Male', '1921-04-05', 78.35, 178.43, 30),
(31, 'Paddie', '424-3484312', 'Female', '1982-02-01', 103.05, 167.52, 31),
(32, 'Read', '587-3381690', 'Female', '2006-01-25', 28.33, 32.27, 32),
(33, 'Weston', '195-9002880', 'Female', '1985-05-02', 115.89, 119.01, 33),
(34, 'Andrey', '976-9437271', 'Male', '1964-07-30', 189.12, 72.35, 34),
(35, 'Dilly', '422-3734154', 'Female', '1938-12-28', 87.11, 4.77, 35),
(36, 'Normy', '474-5593386', 'Male', '1967-09-22', 128.22, 153.95, 36),
(37, 'Barnard', '055-5715805', 'Male', '1962-08-02', 175.86, 28.2, 37),
(38, 'Rice', '265-2232968', 'Female', '1987-11-29', 133.27, 19.04, 38),
(39, 'Cristobal', '458-5432756', 'Male', '1981-11-13', 34.15, 12.95, 39),
(40, 'Kermie', '391-2169748', 'Female', '2010-10-10', 185.27, 194.81, 40),
(41, 'Englebert', '797-1242798', 'Male', '1949-11-25', 193.05, 68.45, 41),
(42, 'Whitman', '802-2223853', 'Male', '1950-03-25', 86.52, 149.41, 42),
(43, 'Heindrick', '213-3545420', 'Female', '2008-07-07', 116.96, 172.21, 43),
(44, 'Orbadiah', '997-5099838', 'Male', '1939-10-28', 116.5, 18.21, 44),
(45, 'Cirstoforo', '508-4559640', 'Male', '2018-12-26', 193.73, 58.25, 45),
(46, 'Benson', '008-5576588', 'Male', '2010-09-13', 161.01, 130.88, 46),
(47, 'Antonino', '620-1488629', 'Male', '1978-03-22', 82.42, 74.58, 47),
(48, 'Paton', '771-1606927', 'Male', '1968-04-17', 28.99, 80.44, 48),
(49, 'Feodor', '912-3363491', 'Male', '2015-05-22', 82.93, 91.38, 49),
(50, 'Chip', '351-2705094', 'Female', '1938-03-29', 101.81, 16.99, 50),
(51, 'a', '098-4812145', 'Male', '2002-02-09', 175, 50, 6),
(55, 'p', '159-1489614', 'Male', '2023-12-06', 150, 50, 102);

--
-- Indexes for dumped tables
--

--
-- Indexes for table `accounts`
--
ALTER TABLE `accounts`
  ADD PRIMARY KEY (`AccountID`),
  ADD UNIQUE KEY `Username` (`Username`);

--
-- Indexes for table `appointments`
--
ALTER TABLE `appointments`
  ADD PRIMARY KEY (`AppointmentID`),
  ADD KEY `PatientID` (`PatientID`),
  ADD KEY `DoctorID` (`DoctorID`);

--
-- Indexes for table `departments`
--
ALTER TABLE `departments`
  ADD PRIMARY KEY (`DepartmentID`);

--
-- Indexes for table `doctors`
--
ALTER TABLE `doctors`
  ADD PRIMARY KEY (`DoctorID`),
  ADD UNIQUE KEY `DTelephoneNo` (`DTelephoneNo`),
  ADD KEY `DepartmentID` (`DepartmentID`),
  ADD KEY `AccountID` (`AccountID`);

--
-- Indexes for table `feedback`
--
ALTER TABLE `feedback`
  ADD PRIMARY KEY (`FeedbackID`),
  ADD KEY `PatientID` (`PatientID`),
  ADD KEY `DoctorID` (`DoctorID`);

--
-- Indexes for table `notifications`
--
ALTER TABLE `notifications`
  ADD PRIMARY KEY (`NotificationID`),
  ADD KEY `AppointmentID` (`AppointmentID`);

--
-- Indexes for table `patients`
--
ALTER TABLE `patients`
  ADD PRIMARY KEY (`PatientID`),
  ADD UNIQUE KEY `PTelephoneNo` (`PTelephoneNo`),
  ADD KEY `AccountID` (`AccountID`);

--
-- AUTO_INCREMENT for dumped tables
--

--
-- AUTO_INCREMENT for table `accounts`
--
ALTER TABLE `accounts`
  MODIFY `AccountID` int(11) NOT NULL AUTO_INCREMENT, AUTO_INCREMENT=103;

--
-- AUTO_INCREMENT for table `appointments`
--
ALTER TABLE `appointments`
  MODIFY `AppointmentID` int(11) NOT NULL AUTO_INCREMENT, AUTO_INCREMENT=803;

--
-- AUTO_INCREMENT for table `departments`
--
ALTER TABLE `departments`
  MODIFY `DepartmentID` int(11) NOT NULL AUTO_INCREMENT, AUTO_INCREMENT=13;

--
-- AUTO_INCREMENT for table `doctors`
--
ALTER TABLE `doctors`
  MODIFY `DoctorID` int(11) NOT NULL AUTO_INCREMENT, AUTO_INCREMENT=55;

--
-- AUTO_INCREMENT for table `feedback`
--
ALTER TABLE `feedback`
  MODIFY `FeedbackID` int(11) NOT NULL AUTO_INCREMENT, AUTO_INCREMENT=807;

--
-- AUTO_INCREMENT for table `notifications`
--
ALTER TABLE `notifications`
  MODIFY `NotificationID` int(11) NOT NULL AUTO_INCREMENT, AUTO_INCREMENT=801;

--
-- AUTO_INCREMENT for table `patients`
--
ALTER TABLE `patients`
  MODIFY `PatientID` int(11) NOT NULL AUTO_INCREMENT, AUTO_INCREMENT=56;

--
-- Constraints for dumped tables
--

--
-- Constraints for table `appointments`
--
ALTER TABLE `appointments`
  ADD CONSTRAINT `appointments_ibfk_1` FOREIGN KEY (`PatientID`) REFERENCES `patients` (`PatientID`) ON DELETE CASCADE,
  ADD CONSTRAINT `appointments_ibfk_2` FOREIGN KEY (`DoctorID`) REFERENCES `doctors` (`DoctorID`) ON DELETE CASCADE;

--
-- Constraints for table `doctors`
--
ALTER TABLE `doctors`
  ADD CONSTRAINT `doctors_ibfk_1` FOREIGN KEY (`DepartmentID`) REFERENCES `departments` (`DepartmentID`) ON DELETE CASCADE,
  ADD CONSTRAINT `doctors_ibfk_2` FOREIGN KEY (`AccountID`) REFERENCES `accounts` (`AccountID`) ON DELETE CASCADE;

--
-- Constraints for table `feedback`
--
ALTER TABLE `feedback`
  ADD CONSTRAINT `feedback_ibfk_1` FOREIGN KEY (`PatientID`) REFERENCES `patients` (`PatientID`) ON DELETE CASCADE,
  ADD CONSTRAINT `feedback_ibfk_2` FOREIGN KEY (`DoctorID`) REFERENCES `doctors` (`DoctorID`) ON DELETE CASCADE;

--
-- Constraints for table `notifications`
--
ALTER TABLE `notifications`
  ADD CONSTRAINT `notifications_ibfk_1` FOREIGN KEY (`AppointmentID`) REFERENCES `appointments` (`AppointmentID`) ON DELETE CASCADE;

--
-- Constraints for table `patients`
--
ALTER TABLE `patients`
  ADD CONSTRAINT `patients_ibfk_1` FOREIGN KEY (`AccountID`) REFERENCES `accounts` (`AccountID`) ON DELETE CASCADE;
COMMIT;

/*!40101 SET CHARACTER_SET_CLIENT=@OLD_CHARACTER_SET_CLIENT */;
/*!40101 SET CHARACTER_SET_RESULTS=@OLD_CHARACTER_SET_RESULTS */;
/*!40101 SET COLLATION_CONNECTION=@OLD_COLLATION_CONNECTION */;
